id,label
1,cat
2,dog
3,cat
4,cat
5,cat
6,dog
7,cat
8,cat
9,cat
10,dog
11,cat
12,dog
13,cat
14,dog
15,cat
16,dog
17,cat
18,cat
19,cat
20,dog
21,dog
22,cat
23,dog
24,dog
25,cat
26,dog
27,cat
28,cat
29,dog
30,dog
31,dog
32,dog
33,cat
34,cat
35,cat
36,dog
37,dog
38,cat
39,dog
40,dog
41,dog
42,cat
43,cat
44,dog
45,dog
46,cat
47,cat
48,cat
49,cat
50,dog
51,dog
52,dog
53,dog
54,dog
55,dog
56,cat
57,cat
58,cat
59,dog
60,cat
61,cat
62,dog
63,cat
64,dog
65,dog
66,cat
67,cat
68,cat
69,dog
70,dog
71,cat
72,cat
73,dog
74,dog
75,cat
76,cat
77,dog
78,dog
79,cat
80,dog
81,cat
82,cat
83,cat
84,cat
85,cat
86,cat
87,cat
88,dog
89,cat
90,dog
91,dog
92,cat
93,dog
94,cat
95,cat
96,cat
97,cat
98,cat
99,dog
100,cat
101,cat
102,cat
103,cat
104,dog
105,cat
106,cat
107,cat
108,dog
109,cat
110,dog
111,dog
112,dog
113,cat
114,dog
115,cat
116,cat
117,dog
118,dog
119,cat
120,dog
121,dog
122,dog
123,dog
124,cat
125,cat
126,dog
127,dog
128,dog
129,dog
130,dog
131,cat
132,cat
133,cat
134,dog
135,cat
136,cat
137,cat
138,cat
139,dog
140,cat
141,cat
142,dog
143,dog
144,cat
145,dog
146,dog
147,cat
148,dog
149,dog
150,cat
151,cat
152,cat
153,dog
154,dog
155,cat
156,cat
157,dog
158,cat
159,cat
160,cat
161,dog
162,dog
163,dog
164,cat
165,cat
166,cat
167,cat
168,cat
169,cat
170,cat
171,dog
172,dog
173,dog
174,dog
175,dog
176,dog
177,cat
178,cat
179,cat
180,dog
181,dog
182,dog
183,dog
184,dog
185,cat
186,cat
187,cat
188,cat
189,dog
190,dog
191,dog
192,dog
193,dog
194,cat
195,cat
196,dog
197,dog
198,cat
199,cat
200,cat
201,cat
202,dog
203,cat
204,dog
205,cat
206,dog
207,dog
208,cat
209,dog
210,cat
211,cat
212,dog
213,dog
214,cat
215,cat
216,dog
217,dog
218,cat
219,dog
220,cat
221,dog
222,cat
223,cat
224,cat
225,dog
226,dog
227,cat
228,dog
229,dog
230,dog
231,cat
232,dog
233,dog
234,cat
235,cat
236,dog
237,dog
238,cat
239,dog
240,dog
241,cat
242,cat
243,dog
244,dog
245,dog
246,cat
247,dog
248,dog
249,dog
250,dog
251,dog
252,cat
253,cat
254,dog
255,dog
256,dog
257,dog
258,dog
259,dog
260,cat
261,dog
262,dog
263,cat
264,cat
265,cat
266,dog
267,cat
268,dog
269,dog
270,dog
271,cat
272,dog
273,dog
274,dog
275,cat
276,cat
277,cat
278,cat
279,dog
280,dog
281,dog
282,dog
283,dog
284,dog
285,cat
286,cat
287,dog
288,dog
289,dog
290,dog
291,dog
292,cat
293,cat
294,cat
295,cat
296,dog
297,dog
298,dog
299,cat
300,dog
301,cat
302,cat
303,cat
304,cat
305,cat
306,dog
307,cat
308,dog
309,cat
310,dog
311,dog
312,cat
313,dog
314,dog
315,cat
316,dog
317,cat
318,cat
319,dog
320,dog
321,dog
322,cat
323,dog
324,cat
325,cat
326,cat
327,dog
328,dog
329,cat
330,cat
331,dog
332,cat
333,cat
334,cat
335,cat
336,cat
337,cat
338,cat
339,dog
340,cat
341,cat
342,cat
343,dog
344,cat
345,cat
346,dog
347,dog
348,dog
349,dog
350,dog
351,cat
352,cat
353,cat
354,dog
355,dog
356,dog
357,cat
358,cat
359,dog
360,dog
361,cat
362,dog
363,dog
364,cat
365,dog
366,cat
367,dog
368,dog
369,dog
370,cat
371,dog
372,cat
373,cat
374,dog
375,dog
376,cat
377,dog
378,dog
379,cat
380,cat
381,cat
382,cat
383,cat
384,dog
385,cat
386,dog
387,cat
388,cat
389,dog
390,dog
391,dog
392,dog
393,cat
394,cat
395,dog
396,cat
397,cat
398,dog
399,cat
400,dog
401,dog
402,dog
403,cat
404,cat
405,dog
406,cat
407,cat
408,dog
409,cat
410,cat
411,cat
412,cat
413,dog
414,cat
415,dog
416,dog
417,dog
418,dog
419,cat
420,dog
421,dog
422,cat
423,cat
424,cat
425,cat
426,dog
427,dog
428,cat
429,dog
430,cat
431,cat
432,cat
433,cat
434,cat
435,dog
436,cat
437,cat
438,dog
439,cat
440,dog
441,cat
442,dog
443,cat
444,cat
445,cat
446,dog
447,dog
448,dog
449,dog
450,cat
451,dog
452,dog
453,dog
454,dog
455,dog
456,cat
457,cat
458,dog
459,dog
460,dog
461,dog
462,dog
463,dog
464,dog
465,dog
466,dog
467,cat
468,cat
469,dog
470,dog
471,cat
472,cat
473,cat
474,dog
475,dog
476,cat
477,dog
478,dog
479,dog
480,dog
481,cat
482,cat
483,cat
484,dog
485,cat
486,cat
487,dog
488,cat
489,dog
490,cat
491,dog
492,cat
493,dog
494,dog
495,cat
496,dog
497,dog
498,cat
499,dog
500,cat
501,cat
502,cat
503,dog
504,cat
505,cat
506,dog
507,cat
508,dog
509,dog
510,cat
511,dog
512,cat
513,dog
514,dog
515,dog
516,dog
517,dog
518,cat
519,dog
520,dog
521,dog
522,cat
523,cat
524,dog
525,dog
526,cat
527,cat
528,cat
529,dog
530,cat
531,cat
532,dog
533,cat
534,dog
535,dog
536,dog
537,dog
538,dog
539,cat
540,dog
541,cat
542,dog
543,cat
544,dog
545,dog
546,cat
547,dog
548,dog
549,cat
550,cat
551,dog
552,cat
553,cat
554,cat
555,dog
556,dog
557,dog
558,dog
559,cat
560,cat
561,dog
562,cat
563,cat
564,dog
565,dog
566,dog
567,cat
568,dog
569,dog
570,dog
571,cat
572,cat
573,dog
574,dog
575,cat
576,cat
577,cat
578,cat
579,dog
580,cat
581,dog
582,cat
583,cat
584,dog
585,dog
586,dog
587,dog
588,dog
589,dog
590,cat
591,dog
592,cat
593,dog
594,cat
595,cat
596,cat
597,cat
598,dog
599,dog
600,cat
601,dog
602,cat
603,cat
604,dog
605,cat
606,cat
607,dog
608,dog
609,dog
610,cat
611,dog
612,cat
613,cat
614,dog
615,dog
616,cat
617,dog
618,dog
619,dog
620,cat
621,cat
622,cat
623,dog
624,cat
625,cat
626,cat
627,dog
628,dog
629,dog
630,cat
631,dog
632,dog
633,dog
634,dog
635,cat
636,dog
637,dog
638,dog
639,dog
640,cat
641,cat
642,dog
643,dog
644,dog
645,cat
646,cat
647,dog
648,dog
649,dog
650,dog
651,cat
652,cat
653,dog
654,dog
655,dog
656,cat
657,cat
658,cat
659,dog
660,dog
661,dog
662,dog
663,cat
664,cat
665,cat
666,dog
667,cat
668,cat
669,dog
670,dog
671,cat
672,dog
673,cat
674,dog
675,dog
676,cat
677,dog
678,dog
679,dog
680,dog
681,dog
682,dog
683,cat
684,dog
685,dog
686,dog
687,dog
688,dog
689,dog
690,cat
691,cat
692,cat
693,dog
694,dog
695,dog
696,cat
697,cat
698,dog
699,cat
700,dog
701,dog
702,cat
703,dog
704,dog
705,cat
706,dog
707,dog
708,cat
709,cat
710,dog
711,cat
712,cat
713,cat
714,cat
715,cat
716,dog
717,dog
718,cat
719,dog
720,cat
721,dog
722,cat
723,dog
724,cat
725,dog
726,cat
727,dog
728,cat
729,cat
730,dog
731,cat
732,dog
733,cat
734,dog
735,cat
736,cat
737,cat
738,dog
739,dog
740,cat
741,cat
742,dog
743,dog
744,cat
745,cat
746,dog
747,cat
748,cat
749,cat
750,dog
751,cat
752,cat
753,dog
754,cat
755,dog
756,cat
757,cat
758,dog
759,cat
760,cat
761,cat
762,cat
763,cat
764,cat
765,cat
766,cat
767,dog
768,cat
769,dog
770,cat
771,cat
772,cat
773,dog
774,cat
775,dog
776,dog
777,cat
778,dog
779,dog
780,cat
781,dog
782,dog
783,cat
784,dog
785,dog
786,dog
787,cat
788,cat
789,dog
790,dog
791,dog
792,dog
793,cat
794,dog
795,cat
796,dog
797,cat
798,cat
799,cat
800,cat
801,cat
802,cat
803,dog
804,dog
805,dog
806,dog
807,dog
808,dog
809,cat
810,dog
811,cat
812,dog
813,dog
814,cat
815,dog
816,cat
817,dog
818,cat
819,dog
820,dog
821,cat
822,cat
823,cat
824,cat
825,cat
826,dog
827,cat
828,cat
829,dog
830,dog
831,cat
832,dog
833,cat
834,cat
835,dog
836,dog
837,dog
838,dog
839,dog
840,cat
841,dog
842,cat
843,cat
844,cat
845,cat
846,cat
847,cat
848,dog
849,cat
850,dog
851,cat
852,cat
853,dog
854,cat
855,cat
856,cat
857,dog
858,dog
859,cat
860,dog
861,cat
862,dog
863,cat
864,cat
865,cat
866,dog
867,dog
868,dog
869,cat
870,dog
871,dog
872,cat
873,dog
874,dog
875,dog
876,cat
877,cat
878,cat
879,cat
880,cat
881,cat
882,cat
883,dog
884,cat
885,cat
886,dog
887,dog
888,cat
889,dog
890,dog
891,dog
892,dog
893,cat
894,cat
895,dog
896,dog
897,dog
898,cat
899,dog
900,cat
901,cat
902,dog
903,cat
904,dog
905,cat
906,dog
907,cat
908,cat
909,cat
910,dog
911,dog
912,cat
913,cat
914,dog
915,dog
916,dog
917,cat
918,dog
919,cat
920,cat
921,cat
922,dog
923,cat
924,dog
925,cat
926,cat
927,cat
928,cat
929,dog
930,dog
931,dog
932,dog
933,cat
934,cat
935,cat
936,cat
937,cat
938,dog
939,cat
940,dog
941,cat
942,cat
943,dog
944,cat
945,dog
946,cat
947,dog
948,cat
949,dog
950,cat
951,dog
952,dog
953,cat
954,cat
955,dog
956,dog
957,dog
958,dog
959,cat
960,dog
961,dog
962,dog
963,cat
964,dog
965,cat
966,cat
967,cat
968,cat
969,dog
970,dog
971,cat
972,cat
973,dog
974,dog
975,dog
976,dog
977,dog
978,dog
979,dog
980,cat
981,cat
982,dog
983,dog
984,cat
985,dog
986,cat
987,cat
988,cat
989,dog
990,dog
991,cat
992,dog
993,cat
994,dog
995,cat
996,cat
997,cat
998,cat
999,dog
1000,cat
1001,dog
1002,dog
1003,dog
1004,cat
1005,cat
1006,cat
1007,cat
1008,cat
1009,cat
1010,cat
1011,cat
1012,cat
1013,dog
1014,dog
1015,cat
1016,dog
1017,cat
1018,cat
1019,cat
1020,cat
1021,dog
1022,cat
1023,cat
1024,cat
1025,dog
1026,cat
1027,dog
1028,dog
1029,cat
1030,cat
1031,dog
1032,dog
1033,dog
1034,cat
1035,cat
1036,dog
1037,cat
1038,dog
1039,cat
1040,dog
1041,cat
1042,dog
1043,cat
1044,cat
1045,cat
1046,cat
1047,cat
1048,cat
1049,cat
1050,dog
1051,dog
1052,dog
1053,cat
1054,cat
1055,cat
1056,dog
1057,dog
1058,cat
1059,cat
1060,dog
1061,cat
1062,dog
1063,cat
1064,cat
1065,cat
1066,cat
1067,dog
1068,cat
1069,dog
1070,dog
1071,dog
1072,cat
1073,dog
1074,dog
1075,cat
1076,cat
1077,dog
1078,cat
1079,cat
1080,dog
1081,dog
1082,cat
1083,cat
1084,cat
1085,cat
1086,cat
1087,cat
1088,cat
1089,dog
1090,dog
1091,dog
1092,cat
1093,cat
1094,dog
1095,cat
1096,dog
1097,cat
1098,cat
1099,cat
1100,dog
1101,dog
1102,dog
1103,cat
1104,cat
1105,cat
1106,dog
1107,dog
1108,cat
1109,dog
1110,cat
1111,cat
1112,dog
1113,dog
1114,cat
1115,dog
1116,dog
1117,dog
1118,cat
1119,dog
1120,cat
1121,dog
1122,dog
1123,dog
1124,dog
1125,cat
1126,cat
1127,cat
1128,dog
1129,cat
1130,cat
1131,cat
1132,cat
1133,cat
1134,cat
1135,dog
1136,dog
1137,cat
1138,dog
1139,cat
1140,dog
1141,dog
1142,dog
1143,dog
1144,dog
1145,cat
1146,cat
1147,dog
1148,cat
1149,cat
1150,dog
1151,dog
1152,cat
1153,cat
1154,dog
1155,cat
1156,cat
1157,cat
1158,dog
1159,cat
1160,cat
1161,cat
1162,dog
1163,cat
1164,cat
1165,dog
1166,dog
1167,cat
1168,dog
1169,cat
1170,dog
1171,cat
1172,dog
1173,dog
1174,cat
1175,cat
1176,dog
1177,cat
1178,cat
1179,dog
1180,dog
1181,cat
1182,dog
1183,cat
1184,cat
1185,dog
1186,cat
1187,dog
1188,dog
1189,cat
1190,cat
1191,cat
1192,dog
1193,dog
1194,cat
1195,cat
1196,dog
1197,dog
1198,cat
1199,cat
1200,dog
1201,cat
1202,dog
1203,cat
1204,cat
1205,cat
1206,dog
1207,cat
1208,cat
1209,cat
1210,dog
1211,cat
1212,dog
1213,dog
1214,cat
1215,cat
1216,cat
1217,cat
1218,cat
1219,dog
1220,cat
1221,cat
1222,cat
1223,cat
1224,cat
1225,cat
1226,dog
1227,dog
1228,cat
1229,dog
1230,dog
1231,cat
1232,cat
1233,dog
1234,cat
1235,dog
1236,cat
1237,cat
1238,dog
1239,cat
1240,dog
1241,cat
1242,cat
1243,cat
1244,cat
1245,dog
1246,cat
1247,dog
1248,cat
1249,dog
1250,cat
1251,cat
1252,cat
1253,dog
1254,dog
1255,cat
1256,cat
1257,cat
1258,cat
1259,cat
1260,cat
1261,dog
1262,cat
1263,cat
1264,cat
1265,dog
1266,cat
1267,dog
1268,dog
1269,cat
1270,cat
1271,dog
1272,cat
1273,dog
1274,cat
1275,dog
1276,dog
1277,dog
1278,cat
1279,cat
1280,cat
1281,dog
1282,cat
1283,cat
1284,dog
1285,cat
1286,dog
1287,cat
1288,dog
1289,dog
1290,dog
1291,cat
1292,cat
1293,cat
1294,cat
1295,cat
1296,dog
1297,cat
1298,cat
1299,dog
1300,cat
1301,cat
1302,dog
1303,dog
1304,cat
1305,cat
1306,dog
1307,dog
1308,dog
1309,cat
1310,dog
1311,dog
1312,dog
1313,dog
1314,cat
1315,dog
1316,dog
1317,dog
1318,cat
1319,cat
1320,dog
1321,dog
1322,dog
1323,cat
1324,cat
1325,dog
1326,cat
1327,dog
1328,dog
1329,cat
1330,dog
1331,cat
1332,cat
1333,cat
1334,cat
1335,cat
1336,dog
1337,dog
1338,dog
1339,cat
1340,dog
1341,cat
1342,dog
1343,dog
1344,cat
1345,cat
1346,dog
1347,cat
1348,cat
1349,cat
1350,dog
1351,cat
1352,dog
1353,cat
1354,cat
1355,cat
1356,dog
1357,cat
1358,dog
1359,dog
1360,dog
1361,cat
1362,cat
1363,cat
1364,dog
1365,cat
1366,dog
1367,cat
1368,dog
1369,cat
1370,cat
1371,cat
1372,dog
1373,dog
1374,cat
1375,cat
1376,dog
1377,dog
1378,cat
1379,cat
1380,dog
1381,dog
1382,dog
1383,dog
1384,dog
1385,cat
1386,dog
1387,dog
1388,cat
1389,cat
1390,cat
1391,cat
1392,cat
1393,dog
1394,cat
1395,dog
1396,cat
1397,dog
1398,cat
1399,cat
1400,cat
1401,cat
1402,cat
1403,cat
1404,cat
1405,dog
1406,dog
1407,dog
1408,cat
1409,cat
1410,dog
1411,dog
1412,dog
1413,cat
1414,cat
1415,cat
1416,dog
1417,cat
1418,dog
1419,dog
1420,cat
1421,cat
1422,dog
1423,dog
1424,dog
1425,dog
1426,cat
1427,dog
1428,cat
1429,dog
1430,cat
1431,cat
1432,cat
1433,dog
1434,cat
1435,cat
1436,cat
1437,cat
1438,dog
1439,dog
1440,cat
1441,cat
1442,dog
1443,cat
1444,dog
1445,dog
1446,cat
1447,cat
1448,cat
1449,cat
1450,cat
1451,cat
1452,dog
1453,cat
1454,cat
1455,cat
1456,cat
1457,cat
1458,cat
1459,dog
1460,dog
1461,cat
1462,cat
1463,cat
1464,dog
1465,dog
1466,cat
1467,dog
1468,dog
1469,cat
1470,cat
1471,cat
1472,cat
1473,dog
1474,cat
1475,dog
1476,cat
1477,dog
1478,cat
1479,cat
1480,cat
1481,dog
1482,cat
1483,cat
1484,cat
1485,cat
1486,dog
1487,cat
1488,dog
1489,cat
1490,dog
1491,dog
1492,dog
1493,cat
1494,cat
1495,cat
1496,cat
1497,cat
1498,dog
1499,dog
1500,dog
1501,dog
1502,dog
1503,cat
1504,dog
1505,cat
1506,cat
1507,cat
1508,cat
1509,cat
1510,cat
1511,cat
1512,cat
1513,cat
1514,dog
1515,dog
1516,dog
1517,cat
1518,cat
1519,cat
1520,dog
1521,cat
1522,dog
1523,cat
1524,dog
1525,dog
1526,dog
1527,dog
1528,dog
1529,cat
1530,dog
1531,dog
1532,dog
1533,cat
1534,cat
1535,dog
1536,dog
1537,dog
1538,dog
1539,dog
1540,dog
1541,cat
1542,dog
1543,cat
1544,dog
1545,cat
1546,cat
1547,dog
1548,dog
1549,cat
1550,dog
1551,dog
1552,cat
1553,cat
1554,cat
1555,dog
1556,dog
1557,dog
1558,cat
1559,cat
1560,dog
1561,cat
1562,dog
1563,dog
1564,dog
1565,dog
1566,cat
1567,cat
1568,cat
1569,dog
1570,dog
1571,dog
1572,cat
1573,dog
1574,dog
1575,cat
1576,dog
1577,dog
1578,cat
1579,cat
1580,cat
1581,dog
1582,dog
1583,dog
1584,dog
1585,cat
1586,dog
1587,cat
1588,dog
1589,cat
1590,dog
1591,dog
1592,dog
1593,dog
1594,cat
1595,dog
1596,dog
1597,dog
1598,cat
1599,dog
1600,dog
1601,cat
1602,cat
1603,dog
1604,dog
1605,dog
1606,cat
1607,cat
1608,dog
1609,dog
1610,cat
1611,cat
1612,cat
1613,cat
1614,dog
1615,cat
1616,cat
1617,dog
1618,cat
1619,cat
1620,cat
1621,cat
1622,dog
1623,dog
1624,cat
1625,dog
1626,cat
1627,cat
1628,dog
1629,dog
1630,dog
1631,dog
1632,dog
1633,dog
1634,dog
1635,dog
1636,cat
1637,dog
1638,cat
1639,cat
1640,cat
1641,dog
1642,dog
1643,dog
1644,cat
1645,dog
1646,dog
1647,dog
1648,dog
1649,cat
1650,dog
1651,dog
1652,cat
1653,dog
1654,cat
1655,cat
1656,dog
1657,dog
1658,dog
1659,dog
1660,dog
1661,dog
1662,cat
1663,cat
1664,cat
1665,cat
1666,dog
1667,dog
1668,cat
1669,dog
1670,dog
1671,dog
1672,dog
1673,dog
1674,dog
1675,dog
1676,cat
1677,cat
1678,dog
1679,dog
1680,cat
1681,cat
1682,dog
1683,cat
1684,dog
1685,cat
1686,dog
1687,cat
1688,dog
1689,cat
1690,dog
1691,dog
1692,dog
1693,cat
1694,cat
1695,cat
1696,dog
1697,cat
1698,cat
1699,dog
1700,dog
1701,cat
1702,cat
1703,cat
1704,dog
1705,cat
1706,dog
1707,cat
1708,cat
1709,dog
1710,dog
1711,cat
1712,cat
1713,cat
1714,cat
1715,cat
1716,dog
1717,dog
1718,cat
1719,dog
1720,dog
1721,dog
1722,cat
1723,cat
1724,cat
1725,cat
1726,dog
1727,cat
1728,cat
1729,dog
1730,cat
1731,dog
1732,dog
1733,cat
1734,cat
1735,dog
1736,dog
1737,dog
1738,dog
1739,dog
1740,cat
1741,dog
1742,dog
1743,dog
1744,cat
1745,dog
1746,dog
1747,dog
1748,dog
1749,dog
1750,cat
1751,dog
1752,dog
1753,dog
1754,dog
1755,dog
1756,dog
1757,cat
1758,dog
1759,dog
1760,cat
1761,cat
1762,dog
1763,dog
1764,dog
1765,cat
1766,dog
1767,dog
1768,cat
1769,dog
1770,cat
1771,cat
1772,dog
1773,dog
1774,cat
1775,dog
1776,cat
1777,dog
1778,cat
1779,cat
1780,dog
1781,cat
1782,cat
1783,cat
1784,dog
1785,dog
1786,dog
1787,cat
1788,dog
1789,cat
1790,dog
1791,cat
1792,cat
1793,cat
1794,cat
1795,dog
1796,cat
1797,cat
1798,dog
1799,dog
1800,cat
1801,cat
1802,dog
1803,cat
1804,cat
1805,cat
1806,cat
1807,cat
1808,cat
1809,cat
1810,cat
1811,cat
1812,cat
1813,cat
1814,cat
1815,cat
1816,cat
1817,dog
1818,cat
1819,cat
1820,dog
1821,cat
1822,dog
1823,dog
1824,cat
1825,cat
1826,cat
1827,cat
1828,dog
1829,dog
1830,cat
1831,dog
1832,dog
1833,dog
1834,dog
1835,cat
1836,cat
1837,dog
1838,dog
1839,cat
1840,cat
1841,cat
1842,cat
1843,cat
1844,cat
1845,cat
1846,dog
1847,cat
1848,cat
1849,cat
1850,dog
1851,dog
1852,dog
1853,cat
1854,cat
1855,dog
1856,dog
1857,dog
1858,dog
1859,cat
1860,dog
1861,cat
1862,dog
1863,cat
1864,dog
1865,dog
1866,dog
1867,cat
1868,cat
1869,cat
1870,cat
1871,cat
1872,dog
1873,cat
1874,cat
1875,dog
1876,dog
1877,cat
1878,cat
1879,cat
1880,cat
1881,cat
1882,dog
1883,dog
1884,dog
1885,cat
1886,cat
1887,dog
1888,cat
1889,cat
1890,cat
1891,cat
1892,cat
1893,dog
1894,dog
1895,cat
1896,cat
1897,cat
1898,dog
1899,cat
1900,dog
1901,cat
1902,cat
1903,cat
1904,cat
1905,dog
1906,cat
1907,dog
1908,dog
1909,dog
1910,dog
1911,dog
1912,dog
1913,cat
1914,dog
1915,dog
1916,dog
1917,cat
1918,dog
1919,cat
1920,cat
1921,cat
1922,cat
1923,cat
1924,dog
1925,dog
1926,dog
1927,dog
1928,dog
1929,cat
1930,dog
1931,dog
1932,cat
1933,cat
1934,dog
1935,dog
1936,cat
1937,dog
1938,cat
1939,dog
1940,cat
1941,cat
1942,dog
1943,dog
1944,dog
1945,dog
1946,dog
1947,cat
1948,cat
1949,cat
1950,cat
1951,dog
1952,dog
1953,dog
1954,cat
1955,dog
1956,dog
1957,cat
1958,cat
1959,cat
1960,cat
1961,cat
1962,cat
1963,cat
1964,dog
1965,dog
1966,dog
1967,cat
1968,cat
1969,cat
1970,cat
1971,dog
1972,dog
1973,dog
1974,cat
1975,cat
1976,dog
1977,dog
1978,cat
1979,cat
1980,dog
1981,dog
1982,dog
1983,dog
1984,cat
1985,dog
1986,dog
1987,cat
1988,dog
1989,cat
1990,dog
1991,cat
1992,cat
1993,cat
1994,cat
1995,dog
1996,cat
1997,cat
1998,dog
1999,dog
2000,cat
2001,cat
2002,dog
2003,dog
2004,cat
2005,cat
2006,dog
2007,cat
2008,cat
2009,dog
2010,cat
2011,dog
2012,cat
2013,cat
2014,dog
2015,dog
2016,cat
2017,dog
2018,dog
2019,dog
2020,dog
2021,dog
2022,dog
2023,dog
2024,cat
2025,cat
2026,cat
2027,dog
2028,cat
2029,cat
2030,dog
2031,cat
2032,dog
2033,dog
2034,cat
2035,cat
2036,dog
2037,dog
2038,cat
2039,cat
2040,dog
2041,dog
2042,dog
2043,cat
2044,cat
2045,cat
2046,dog
2047,cat
2048,dog
2049,dog
2050,cat
2051,dog
2052,cat
2053,dog
2054,dog
2055,dog
2056,dog
2057,dog
2058,cat
2059,cat
2060,cat
2061,dog
2062,cat
2063,cat
2064,cat
2065,dog
2066,cat
2067,cat
2068,dog
2069,cat
2070,cat
2071,dog
2072,cat
2073,cat
2074,cat
2075,cat
2076,dog
2077,cat
2078,dog
2079,dog
2080,dog
2081,dog
2082,cat
2083,dog
2084,dog
2085,cat
2086,cat
2087,dog
2088,dog
2089,dog
2090,dog
2091,dog
2092,cat
2093,cat
2094,cat
2095,cat
2096,cat
2097,dog
2098,cat
2099,dog
2100,cat
2101,cat
2102,dog
2103,cat
2104,cat
2105,dog
2106,dog
2107,cat
2108,cat
2109,dog
2110,dog
2111,dog
2112,dog
2113,cat
2114,cat
2115,dog
2116,cat
2117,dog
2118,dog
2119,cat
2120,cat
2121,dog
2122,cat
2123,cat
2124,cat
2125,cat
2126,dog
2127,dog
2128,dog
2129,cat
2130,cat
2131,dog
2132,dog
2133,dog
2134,dog
2135,dog
2136,dog
2137,cat
2138,dog
2139,dog
2140,cat
2141,cat
2142,cat
2143,cat
2144,cat
2145,dog
2146,cat
2147,dog
2148,cat
2149,dog
2150,cat
2151,dog
2152,cat
2153,cat
2154,cat
2155,cat
2156,dog
2157,cat
2158,cat
2159,cat
2160,cat
2161,dog
2162,cat
2163,cat
2164,dog
2165,dog
2166,cat
2167,cat
2168,dog
2169,dog
2170,dog
2171,cat
2172,cat
2173,dog
2174,dog
2175,dog
2176,dog
2177,cat
2178,cat
2179,dog
2180,dog
2181,dog
2182,cat
2183,cat
2184,cat
2185,dog
2186,cat
2187,dog
2188,dog
2189,dog
2190,dog
2191,cat
2192,dog
2193,dog
2194,dog
2195,dog
2196,cat
2197,cat
2198,cat
2199,dog
2200,dog
2201,dog
2202,dog
2203,dog
2204,dog
2205,cat
2206,dog
2207,dog
2208,dog
2209,cat
2210,cat
2211,cat
2212,dog
2213,dog
2214,dog
2215,cat
2216,dog
2217,dog
2218,dog
2219,dog
2220,dog
2221,cat
2222,dog
2223,dog
2224,cat
2225,dog
2226,dog
2227,dog
2228,cat
2229,dog
2230,dog
2231,cat
2232,dog
2233,dog
2234,dog
2235,dog
2236,dog
2237,dog
2238,dog
2239,cat
2240,dog
2241,cat
2242,cat
2243,cat
2244,dog
2245,cat
2246,cat
2247,cat
2248,dog
2249,cat
2250,cat
2251,dog
2252,dog
2253,cat
2254,dog
2255,cat
2256,cat
2257,dog
2258,dog
2259,dog
2260,cat
2261,cat
2262,dog
2263,dog
2264,dog
2265,dog
2266,cat
2267,dog
2268,cat
2269,dog
2270,dog
2271,cat
2272,dog
2273,cat
2274,cat
2275,dog
2276,cat
2277,dog
2278,dog
2279,cat
2280,cat
2281,dog
2282,dog
2283,cat
2284,dog
2285,cat
2286,cat
2287,dog
2288,cat
2289,dog
2290,dog
2291,dog
2292,dog
2293,dog
2294,dog
2295,cat
2296,cat
2297,dog
2298,cat
2299,dog
2300,cat
2301,dog
2302,dog
2303,dog
2304,cat
2305,dog
2306,dog
2307,cat
2308,cat
2309,cat
2310,cat
2311,cat
2312,cat
2313,dog
2314,dog
2315,dog
2316,dog
2317,dog
2318,dog
2319,dog
2320,dog
2321,dog
2322,dog
2323,cat
2324,cat
2325,cat
2326,dog
2327,cat
2328,cat
2329,cat
2330,dog
2331,cat
2332,dog
2333,dog
2334,dog
2335,cat
2336,cat
2337,cat
2338,cat
2339,dog
2340,cat
2341,cat
2342,cat
2343,dog
2344,cat
2345,cat
2346,dog
2347,cat
2348,dog
2349,dog
2350,cat
2351,cat
2352,cat
2353,dog
2354,dog
2355,cat
2356,cat
2357,dog
2358,dog
2359,dog
2360,dog
2361,dog
2362,cat
2363,dog
2364,cat
2365,dog
2366,dog
2367,dog
2368,cat
2369,dog
2370,dog
2371,cat
2372,cat
2373,cat
2374,dog
2375,dog
2376,dog
2377,dog
2378,cat
2379,dog
2380,dog
2381,dog
2382,cat
2383,dog
2384,cat
2385,cat
2386,cat
2387,cat
2388,dog
2389,cat
2390,cat
2391,dog
2392,cat
2393,dog
2394,dog
2395,dog
2396,cat
2397,dog
2398,cat
2399,cat
2400,dog
2401,dog
2402,dog
2403,dog
2404,cat
2405,cat
2406,dog
2407,cat
2408,dog
2409,dog
2410,cat
2411,dog
2412,cat
2413,dog
2414,dog
2415,dog
2416,dog
2417,cat
2418,cat
2419,cat
2420,dog
2421,cat
2422,cat
2423,cat
2424,dog
2425,dog
2426,dog
2427,cat
2428,dog
2429,cat
2430,dog
2431,dog
2432,dog
2433,dog
2434,dog
2435,dog
2436,dog
2437,dog
2438,cat
2439,cat
2440,dog
2441,cat
2442,cat
2443,dog
2444,cat
2445,cat
2446,cat
2447,dog
2448,dog
2449,cat
2450,cat
2451,dog
2452,cat
2453,cat
2454,dog
2455,dog
2456,dog
2457,cat
2458,dog
2459,dog
2460,cat
2461,cat
2462,cat
2463,cat
2464,cat
2465,dog
2466,dog
2467,cat
2468,cat
2469,cat
2470,dog
2471,cat
2472,dog
2473,cat
2474,cat
2475,dog
2476,dog
2477,cat
2478,cat
2479,cat
2480,dog
2481,dog
2482,cat
2483,dog
2484,cat
2485,dog
2486,cat
2487,cat
2488,cat
2489,cat
2490,dog
2491,dog
2492,dog
2493,cat
2494,dog
2495,cat
2496,dog
2497,dog
2498,dog
2499,cat
2500,dog
2501,cat
2502,dog
2503,dog
2504,cat
2505,dog
2506,dog
2507,dog
2508,cat
2509,dog
2510,dog
2511,dog
2512,cat
2513,dog
2514,cat
2515,dog
2516,cat
2517,cat
2518,dog
2519,dog
2520,dog
2521,cat
2522,cat
2523,dog
2524,dog
2525,cat
2526,dog
2527,dog
2528,cat
2529,cat
2530,dog
2531,dog
2532,cat
2533,dog
2534,cat
2535,cat
2536,dog
2537,dog
2538,cat
2539,dog
2540,cat
2541,cat
2542,cat
2543,cat
2544,cat
2545,dog
2546,dog
2547,dog
2548,cat
2549,cat
2550,dog
2551,cat
2552,cat
2553,cat
2554,dog
2555,cat
2556,dog
2557,cat
2558,cat
2559,cat
2560,cat
2561,cat
2562,cat
2563,dog
2564,dog
2565,cat
2566,cat
2567,dog
2568,cat
2569,cat
2570,dog
2571,cat
2572,cat
2573,cat
2574,dog
2575,cat
2576,dog
2577,dog
2578,cat
2579,cat
2580,dog
2581,cat
2582,cat
2583,dog
2584,dog
2585,dog
2586,cat
2587,cat
2588,dog
2589,dog
2590,dog
2591,dog
2592,dog
2593,dog
2594,cat
2595,dog
2596,dog
2597,dog
2598,cat
2599,dog
2600,dog
2601,dog
2602,cat
2603,dog
2604,cat
2605,dog
2606,cat
2607,cat
2608,cat
2609,dog
2610,dog
2611,dog
2612,dog
2613,cat
2614,dog
2615,dog
2616,dog
2617,cat
2618,cat
2619,dog
2620,dog
2621,dog
2622,cat
2623,cat
2624,cat
2625,cat
2626,dog
2627,dog
2628,dog
2629,cat
2630,dog
2631,cat
2632,dog
2633,cat
2634,dog
2635,dog
2636,cat
2637,cat
2638,dog
2639,cat
2640,cat
2641,dog
2642,dog
2643,cat
2644,cat
2645,cat
2646,cat
2647,cat
2648,dog
2649,cat
2650,cat
2651,dog
2652,cat
2653,dog
2654,dog
2655,cat
2656,cat
2657,cat
2658,cat
2659,cat
2660,cat
2661,cat
2662,dog
2663,dog
2664,cat
2665,dog
2666,cat
2667,cat
2668,cat
2669,cat
2670,cat
2671,dog
2672,dog
2673,cat
2674,cat
2675,dog
2676,dog
2677,cat
2678,cat
2679,dog
2680,dog
2681,dog
2682,cat
2683,cat
2684,cat
2685,dog
2686,cat
2687,cat
2688,cat
2689,dog
2690,dog
2691,cat
2692,dog
2693,dog
2694,dog
2695,dog
2696,cat
2697,dog
2698,cat
2699,dog
2700,dog
2701,dog
2702,dog
2703,cat
2704,dog
2705,cat
2706,dog
2707,dog
2708,cat
2709,cat
2710,dog
2711,cat
2712,dog
2713,dog
2714,cat
2715,dog
2716,dog
2717,cat
2718,cat
2719,dog
2720,cat
2721,cat
2722,cat
2723,cat
2724,dog
2725,cat
2726,cat
2727,dog
2728,cat
2729,dog
2730,dog
2731,cat
2732,dog
2733,dog
2734,cat
2735,cat
2736,dog
2737,dog
2738,cat
2739,cat
2740,dog
2741,dog
2742,dog
2743,dog
2744,dog
2745,dog
2746,dog
2747,cat
2748,cat
2749,cat
2750,cat
2751,dog
2752,dog
2753,dog
2754,cat
2755,dog
2756,cat
2757,dog
2758,dog
2759,cat
2760,cat
2761,cat
2762,cat
2763,dog
2764,cat
2765,cat
2766,cat
2767,cat
2768,dog
2769,cat
2770,dog
2771,cat
2772,dog
2773,cat
2774,dog
2775,cat
2776,dog
2777,cat
2778,dog
2779,dog
2780,dog
2781,cat
2782,dog
2783,dog
2784,dog
2785,cat
2786,dog
2787,dog
2788,cat
2789,dog
2790,cat
2791,dog
2792,cat
2793,dog
2794,dog
2795,cat
2796,cat
2797,cat
2798,cat
2799,dog
2800,dog
2801,dog
2802,dog
2803,dog
2804,cat
2805,cat
2806,dog
2807,cat
2808,dog
2809,cat
2810,cat
2811,dog
2812,dog
2813,dog
2814,dog
2815,dog
2816,cat
2817,cat
2818,cat
2819,cat
2820,dog
2821,dog
2822,cat
2823,cat
2824,dog
2825,cat
2826,dog
2827,cat
2828,dog
2829,cat
2830,cat
2831,dog
2832,cat
2833,dog
2834,dog
2835,cat
2836,cat
2837,cat
2838,dog
2839,cat
2840,cat
2841,cat
2842,cat
2843,cat
2844,cat
2845,cat
2846,cat
2847,cat
2848,cat
2849,cat
2850,cat
2851,dog
2852,cat
2853,cat
2854,dog
2855,dog
2856,cat
2857,cat
2858,dog
2859,cat
2860,dog
2861,dog
2862,dog
2863,cat
2864,dog
2865,cat
2866,cat
2867,dog
2868,dog
2869,dog
2870,dog
2871,cat
2872,dog
2873,cat
2874,dog
2875,dog
2876,cat
2877,cat
2878,cat
2879,cat
2880,dog
2881,dog
2882,dog
2883,cat
2884,cat
2885,dog
2886,dog
2887,dog
2888,dog
2889,dog
2890,cat
2891,cat
2892,dog
2893,dog
2894,cat
2895,dog
2896,cat
2897,cat
2898,cat
2899,cat
2900,dog
2901,cat
2902,cat
2903,cat
2904,dog
2905,dog
2906,cat
2907,dog
2908,cat
2909,dog
2910,dog
2911,dog
2912,dog
2913,dog
2914,dog
2915,dog
2916,dog
2917,dog
2918,dog
2919,dog
2920,cat
2921,dog
2922,dog
2923,dog
2924,cat
2925,cat
2926,dog
2927,cat
2928,cat
2929,dog
2930,dog
2931,cat
2932,cat
2933,cat
2934,cat
2935,cat
2936,dog
2937,cat
2938,dog
2939,cat
2940,cat
2941,cat
2942,cat
2943,dog
2944,dog
2945,cat
2946,dog
2947,cat
2948,cat
2949,dog
2950,cat
2951,dog
2952,dog
2953,dog
2954,cat
2955,dog
2956,cat
2957,dog
2958,cat
2959,dog
2960,cat
2961,dog
2962,dog
2963,dog
2964,dog
2965,dog
2966,cat
2967,dog
2968,cat
2969,dog
2970,cat
2971,cat
2972,cat
2973,cat
2974,cat
2975,dog
2976,cat
2977,dog
2978,dog
2979,dog
2980,dog
2981,cat
2982,cat
2983,dog
2984,dog
2985,cat
2986,dog
2987,cat
2988,cat
2989,dog
2990,cat
2991,cat
2992,dog
2993,cat
2994,dog
2995,dog
2996,cat
2997,dog
2998,dog
2999,dog
3000,cat
3001,cat
3002,cat
3003,dog
3004,dog
3005,dog
3006,cat
3007,cat
3008,cat
3009,dog
3010,dog
3011,dog
3012,cat
3013,cat
3014,dog
3015,cat
3016,dog
3017,dog
3018,dog
3019,cat
3020,dog
3021,dog
3022,dog
3023,cat
3024,dog
3025,dog
3026,dog
3027,dog
3028,dog
3029,dog
3030,dog
3031,cat
3032,cat
3033,dog
3034,cat
3035,dog
3036,cat
3037,dog
3038,cat
3039,cat
3040,cat
3041,dog
3042,dog
3043,dog
3044,dog
3045,cat
3046,cat
3047,cat
3048,dog
3049,dog
3050,cat
3051,dog
3052,dog
3053,dog
3054,dog
3055,cat
3056,dog
3057,dog
3058,cat
3059,dog
3060,cat
3061,dog
3062,dog
3063,dog
3064,cat
3065,cat
3066,cat
3067,dog
3068,dog
3069,dog
3070,dog
3071,dog
3072,cat
3073,cat
3074,dog
3075,dog
3076,cat
3077,cat
3078,dog
3079,dog
3080,dog
3081,dog
3082,dog
3083,cat
3084,dog
3085,cat
3086,dog
3087,dog
3088,cat
3089,cat
3090,dog
3091,dog
3092,dog
3093,cat
3094,dog
3095,cat
3096,dog
3097,cat
3098,dog
3099,dog
3100,dog
3101,dog
3102,dog
3103,cat
3104,cat
3105,dog
3106,cat
3107,cat
3108,cat
3109,cat
3110,cat
3111,dog
3112,cat
3113,cat
3114,cat
3115,dog
3116,cat
3117,dog
3118,cat
3119,cat
3120,dog
3121,dog
3122,dog
3123,dog
3124,cat
3125,dog
3126,dog
3127,dog
3128,dog
3129,dog
3130,cat
3131,cat
3132,cat
3133,cat
3134,cat
3135,cat
3136,cat
3137,dog
3138,cat
3139,cat
3140,dog
3141,cat
3142,dog
3143,dog
3144,cat
3145,dog
3146,cat
3147,dog
3148,dog
3149,cat
3150,dog
3151,cat
3152,cat
3153,dog
3154,dog
3155,cat
3156,dog
3157,cat
3158,dog
3159,dog
3160,dog
3161,dog
3162,cat
3163,cat
3164,dog
3165,cat
3166,dog
3167,dog
3168,cat
3169,dog
3170,dog
3171,dog
3172,cat
3173,dog
3174,cat
3175,dog
3176,dog
3177,dog
3178,cat
3179,cat
3180,dog
3181,cat
3182,dog
3183,cat
3184,cat
3185,dog
3186,dog
3187,dog
3188,cat
3189,dog
3190,dog
3191,cat
3192,cat
3193,cat
3194,dog
3195,dog
3196,cat
3197,dog
3198,dog
3199,cat
3200,dog
3201,dog
3202,cat
3203,dog
3204,cat
3205,dog
3206,dog
3207,dog
3208,dog
3209,cat
3210,cat
3211,cat
3212,cat
3213,dog
3214,dog
3215,cat
3216,cat
3217,dog
3218,dog
3219,cat
3220,dog
3221,cat
3222,dog
3223,cat
3224,cat
3225,cat
3226,cat
3227,cat
3228,cat
3229,dog
3230,dog
3231,cat
3232,cat
3233,dog
3234,dog
3235,dog
3236,dog
3237,dog
3238,dog
3239,dog
3240,cat
3241,cat
3242,cat
3243,dog
3244,cat
3245,dog
3246,cat
3247,cat
3248,dog
3249,dog
3250,cat
3251,dog
3252,dog
3253,dog
3254,dog
3255,dog
3256,dog
3257,dog
3258,dog
3259,dog
3260,cat
3261,cat
3262,dog
3263,cat
3264,cat
3265,dog
3266,dog
3267,dog
3268,dog
3269,cat
3270,cat
3271,cat
3272,cat
3273,cat
3274,dog
3275,cat
3276,dog
3277,dog
3278,dog
3279,dog
3280,cat
3281,dog
3282,cat
3283,dog
3284,cat
3285,cat
3286,dog
3287,cat
3288,dog
3289,dog
3290,cat
3291,cat
3292,dog
3293,dog
3294,cat
3295,cat
3296,cat
3297,dog
3298,dog
3299,dog
3300,dog
3301,dog
3302,dog
3303,dog
3304,dog
3305,cat
3306,dog
3307,dog
3308,dog
3309,dog
3310,dog
3311,dog
3312,dog
3313,cat
3314,dog
3315,cat
3316,cat
3317,dog
3318,dog
3319,cat
3320,dog
3321,cat
3322,dog
3323,dog
3324,dog
3325,cat
3326,cat
3327,cat
3328,dog
3329,cat
3330,dog
3331,dog
3332,dog
3333,dog
3334,dog
3335,cat
3336,cat
3337,dog
3338,dog
3339,dog
3340,cat
3341,dog
3342,cat
3343,cat
3344,cat
3345,dog
3346,dog
3347,dog
3348,cat
3349,dog
3350,dog
3351,dog
3352,cat
3353,dog
3354,cat
3355,cat
3356,dog
3357,dog
3358,dog
3359,cat
3360,cat
3361,cat
3362,cat
3363,cat
3364,dog
3365,cat
3366,dog
3367,cat
3368,cat
3369,dog
3370,dog
3371,cat
3372,dog
3373,dog
3374,dog
3375,dog
3376,cat
3377,dog
3378,cat
3379,cat
3380,cat
3381,cat
3382,dog
3383,dog
3384,cat
3385,cat
3386,cat
3387,dog
3388,dog
3389,cat
3390,dog
3391,cat
3392,dog
3393,cat
3394,dog
3395,cat
3396,dog
3397,cat
3398,cat
3399,cat
3400,cat
3401,dog
3402,dog
3403,dog
3404,dog
3405,cat
3406,cat
3407,dog
3408,cat
3409,dog
3410,cat
3411,dog
3412,dog
3413,cat
3414,dog
3415,cat
3416,dog
3417,cat
3418,cat
3419,dog
3420,cat
3421,dog
3422,cat
3423,dog
3424,cat
3425,dog
3426,dog
3427,dog
3428,cat
3429,cat
3430,cat
3431,dog
3432,dog
3433,cat
3434,cat
3435,dog
3436,cat
3437,dog
3438,dog
3439,dog
3440,cat
3441,cat
3442,dog
3443,cat
3444,dog
3445,dog
3446,cat
3447,dog
3448,cat
3449,cat
3450,dog
3451,cat
3452,cat
3453,cat
3454,cat
3455,cat
3456,cat
3457,dog
3458,cat
3459,cat
3460,cat
3461,cat
3462,cat
3463,dog
3464,cat
3465,cat
3466,cat
3467,cat
3468,cat
3469,dog
3470,cat
3471,dog
3472,dog
3473,cat
3474,dog
3475,cat
3476,cat
3477,cat
3478,dog
3479,cat
3480,dog
3481,dog
3482,cat
3483,dog
3484,dog
3485,dog
3486,cat
3487,cat
3488,cat
3489,cat
3490,cat
3491,cat
3492,dog
3493,cat
3494,cat
3495,dog
3496,dog
3497,cat
3498,cat
3499,cat
3500,cat
3501,cat
3502,cat
3503,cat
3504,cat
3505,cat
3506,dog
3507,cat
3508,dog
3509,cat
3510,cat
3511,cat
3512,cat
3513,cat
3514,dog
3515,cat
3516,cat
3517,dog
3518,cat
3519,dog
3520,dog
3521,cat
3522,cat
3523,dog
3524,cat
3525,cat
3526,cat
3527,dog
3528,cat
3529,dog
3530,cat
3531,dog
3532,cat
3533,dog
3534,cat
3535,dog
3536,dog
3537,cat
3538,cat
3539,dog
3540,dog
3541,cat
3542,cat
3543,cat
3544,dog
3545,dog
3546,cat
3547,cat
3548,dog
3549,cat
3550,cat
3551,dog
3552,cat
3553,cat
3554,dog
3555,cat
3556,dog
3557,cat
3558,cat
3559,dog
3560,dog
3561,cat
3562,cat
3563,dog
3564,cat
3565,dog
3566,cat
3567,dog
3568,dog
3569,dog
3570,cat
3571,cat
3572,cat
3573,cat
3574,cat
3575,cat
3576,dog
3577,cat
3578,cat
3579,cat
3580,dog
3581,dog
3582,cat
3583,dog
3584,cat
3585,dog
3586,cat
3587,dog
3588,cat
3589,dog
3590,dog
3591,cat
3592,cat
3593,cat
3594,dog
3595,cat
3596,dog
3597,dog
3598,dog
3599,dog
3600,dog
3601,dog
3602,cat
3603,dog
3604,dog
3605,cat
3606,dog
3607,dog
3608,dog
3609,dog
3610,cat
3611,cat
3612,dog
3613,dog
3614,dog
3615,cat
3616,dog
3617,cat
3618,cat
3619,dog
3620,dog
3621,dog
3622,cat
3623,cat
3624,cat
3625,cat
3626,dog
3627,cat
3628,cat
3629,cat
3630,dog
3631,dog
3632,cat
3633,dog
3634,dog
3635,cat
3636,dog
3637,cat
3638,dog
3639,dog
3640,dog
3641,dog
3642,cat
3643,dog
3644,cat
3645,cat
3646,dog
3647,cat
3648,cat
3649,cat
3650,cat
3651,dog
3652,cat
3653,dog
3654,cat
3655,cat
3656,cat
3657,dog
3658,cat
3659,dog
3660,dog
3661,dog
3662,dog
3663,dog
3664,cat
3665,cat
3666,cat
3667,dog
3668,cat
3669,dog
3670,dog
3671,cat
3672,cat
3673,cat
3674,cat
3675,dog
3676,cat
3677,cat
3678,cat
3679,cat
3680,cat
3681,dog
3682,dog
3683,dog
3684,dog
3685,cat
3686,dog
3687,dog
3688,dog
3689,cat
3690,dog
3691,dog
3692,cat
3693,cat
3694,dog
3695,dog
3696,cat
3697,cat
3698,cat
3699,cat
3700,cat
3701,cat
3702,cat
3703,cat
3704,dog
3705,cat
3706,cat
3707,cat
3708,cat
3709,cat
3710,cat
3711,dog
3712,dog
3713,dog
3714,dog
3715,cat
3716,dog
3717,dog
3718,cat
3719,dog
3720,dog
3721,cat
3722,dog
3723,cat
3724,cat
3725,cat
3726,cat
3727,cat
3728,dog
3729,cat
3730,cat
3731,dog
3732,dog
3733,cat
3734,dog
3735,cat
3736,dog
3737,cat
3738,cat
3739,cat
3740,dog
3741,cat
3742,cat
3743,cat
3744,cat
3745,dog
3746,dog
3747,dog
3748,cat
3749,dog
3750,cat
3751,dog
3752,cat
3753,dog
3754,cat
3755,cat
3756,dog
3757,cat
3758,dog
3759,cat
3760,cat
3761,cat
3762,cat
3763,cat
3764,dog
3765,cat
3766,cat
3767,cat
3768,dog
3769,dog
3770,dog
3771,dog
3772,dog
3773,cat
3774,dog
3775,dog
3776,dog
3777,cat
3778,cat
3779,dog
3780,dog
3781,dog
3782,cat
3783,dog
3784,cat
3785,cat
3786,cat
3787,dog
3788,dog
3789,dog
3790,dog
3791,cat
3792,dog
3793,dog
3794,cat
3795,cat
3796,cat
3797,cat
3798,dog
3799,dog
3800,dog
3801,dog
3802,dog
3803,dog
3804,dog
3805,cat
3806,cat
3807,cat
3808,dog
3809,dog
3810,dog
3811,dog
3812,dog
3813,dog
3814,cat
3815,dog
3816,dog
3817,dog
3818,cat
3819,cat
3820,cat
3821,cat
3822,cat
3823,dog
3824,cat
3825,cat
3826,dog
3827,cat
3828,cat
3829,cat
3830,cat
3831,cat
3832,dog
3833,cat
3834,cat
3835,cat
3836,dog
3837,dog
3838,dog
3839,dog
3840,dog
3841,dog
3842,dog
3843,dog
3844,dog
3845,dog
3846,cat
3847,cat
3848,dog
3849,cat
3850,dog
3851,cat
3852,dog
3853,dog
3854,dog
3855,cat
3856,cat
3857,cat
3858,cat
3859,dog
3860,dog
3861,cat
3862,cat
3863,dog
3864,cat
3865,dog
3866,cat
3867,dog
3868,cat
3869,dog
3870,dog
3871,cat
3872,dog
3873,cat
3874,cat
3875,dog
3876,dog
3877,dog
3878,cat
3879,cat
3880,cat
3881,dog
3882,dog
3883,cat
3884,dog
3885,dog
3886,dog
3887,cat
3888,cat
3889,cat
3890,cat
3891,dog
3892,cat
3893,cat
3894,dog
3895,dog
3896,dog
3897,cat
3898,cat
3899,dog
3900,cat
3901,dog
3902,cat
3903,cat
3904,dog
3905,dog
3906,cat
3907,dog
3908,cat
3909,cat
3910,dog
3911,cat
3912,dog
3913,cat
3914,cat
3915,dog
3916,cat
3917,cat
3918,cat
3919,cat
3920,cat
3921,dog
3922,cat
3923,cat
3924,cat
3925,dog
3926,dog
3927,dog
3928,dog
3929,dog
3930,cat
3931,cat
3932,dog
3933,cat
3934,cat
3935,dog
3936,dog
3937,cat
3938,cat
3939,dog
3940,cat
3941,cat
3942,cat
3943,cat
3944,dog
3945,cat
3946,cat
3947,cat
3948,dog
3949,cat
3950,dog
3951,cat
3952,cat
3953,dog
3954,dog
3955,cat
3956,dog
3957,dog
3958,cat
3959,dog
3960,dog
3961,cat
3962,cat
3963,cat
3964,dog
3965,cat
3966,cat
3967,cat
3968,dog
3969,dog
3970,cat
3971,cat
3972,dog
3973,cat
3974,cat
3975,dog
3976,dog
3977,dog
3978,dog
3979,dog
3980,cat
3981,dog
3982,dog
3983,dog
3984,dog
3985,cat
3986,dog
3987,dog
3988,cat
3989,dog
3990,cat
3991,dog
3992,cat
3993,dog
3994,dog
3995,cat
3996,cat
3997,dog
3998,cat
3999,cat
4000,cat
4001,dog
4002,cat
4003,cat
4004,dog
4005,dog
4006,dog
4007,cat
4008,cat
4009,dog
4010,cat
4011,cat
4012,dog
4013,dog
4014,dog
4015,dog
4016,dog
4017,cat
4018,cat
4019,cat
4020,cat
4021,dog
4022,cat
4023,cat
4024,dog
4025,dog
4026,dog
4027,dog
4028,dog
4029,cat
4030,dog
4031,cat
4032,cat
4033,dog
4034,dog
4035,cat
4036,dog
4037,cat
4038,cat
4039,cat
4040,dog
4041,cat
4042,cat
4043,dog
4044,dog
4045,cat
4046,cat
4047,dog
4048,dog
4049,dog
4050,dog
4051,cat
4052,dog
4053,dog
4054,dog
4055,cat
4056,dog
4057,dog
4058,dog
4059,cat
4060,dog
4061,dog
4062,cat
4063,dog
4064,dog
4065,dog
4066,dog
4067,dog
4068,cat
4069,cat
4070,dog
4071,cat
4072,dog
4073,dog
4074,cat
4075,dog
4076,cat
4077,dog
4078,dog
4079,cat
4080,dog
4081,dog
4082,cat
4083,dog
4084,cat
4085,cat
4086,dog
4087,cat
4088,cat
4089,cat
4090,cat
4091,dog
4092,cat
4093,dog
4094,dog
4095,dog
4096,dog
4097,dog
4098,cat
4099,dog
4100,dog
4101,cat
4102,cat
4103,cat
4104,dog
4105,cat
4106,cat
4107,cat
4108,cat
4109,dog
4110,cat
4111,dog
4112,cat
4113,dog
4114,cat
4115,cat
4116,dog
4117,dog
4118,dog
4119,dog
4120,dog
4121,dog
4122,dog
4123,cat
4124,cat
4125,cat
4126,cat
4127,cat
4128,dog
4129,dog
4130,cat
4131,cat
4132,dog
4133,cat
4134,cat
4135,cat
4136,cat
4137,dog
4138,cat
4139,dog
4140,dog
4141,cat
4142,dog
4143,dog
4144,dog
4145,dog
4146,dog
4147,cat
4148,cat
4149,cat
4150,dog
4151,cat
4152,dog
4153,dog
4154,cat
4155,cat
4156,cat
4157,cat
4158,dog
4159,dog
4160,cat
4161,cat
4162,dog
4163,cat
4164,cat
4165,cat
4166,cat
4167,dog
4168,cat
4169,dog
4170,dog
4171,cat
4172,cat
4173,cat
4174,dog
4175,cat
4176,cat
4177,dog
4178,cat
4179,cat
4180,dog
4181,cat
4182,cat
4183,dog
4184,dog
4185,dog
4186,cat
4187,dog
4188,cat
4189,cat
4190,cat
4191,cat
4192,cat
4193,dog
4194,dog
4195,cat
4196,cat
4197,dog
4198,dog
4199,cat
4200,dog
4201,cat
4202,cat
4203,dog
4204,cat
4205,dog
4206,dog
4207,dog
4208,dog
4209,dog
4210,dog
4211,dog
4212,cat
4213,dog
4214,dog
4215,cat
4216,cat
4217,dog
4218,dog
4219,dog
4220,dog
4221,cat
4222,dog
4223,cat
4224,dog
4225,dog
4226,dog
4227,dog
4228,dog
4229,cat
4230,cat
4231,cat
4232,cat
4233,dog
4234,cat
4235,cat
4236,dog
4237,cat
4238,cat
4239,dog
4240,dog
4241,cat
4242,cat
4243,cat
4244,dog
4245,dog
4246,cat
4247,dog
4248,dog
4249,dog
4250,dog
4251,dog
4252,cat
4253,cat
4254,cat
4255,dog
4256,dog
4257,dog
4258,dog
4259,cat
4260,dog
4261,dog
4262,dog
4263,cat
4264,cat
4265,dog
4266,dog
4267,dog
4268,cat
4269,dog
4270,cat
4271,cat
4272,dog
4273,dog
4274,dog
4275,dog
4276,dog
4277,cat
4278,dog
4279,dog
4280,cat
4281,cat
4282,cat
4283,cat
4284,dog
4285,dog
4286,cat
4287,dog
4288,dog
4289,dog
4290,dog
4291,cat
4292,dog
4293,dog
4294,dog
4295,cat
4296,cat
4297,dog
4298,cat
4299,cat
4300,cat
4301,dog
4302,dog
4303,dog
4304,cat
4305,cat
4306,dog
4307,cat
4308,dog
4309,cat
4310,dog
4311,dog
4312,cat
4313,dog
4314,cat
4315,dog
4316,dog
4317,cat
4318,dog
4319,dog
4320,dog
4321,dog
4322,cat
4323,cat
4324,dog
4325,dog
4326,cat
4327,cat
4328,cat
4329,dog
4330,cat
4331,cat
4332,dog
4333,dog
4334,cat
4335,dog
4336,cat
4337,dog
4338,cat
4339,cat
4340,dog
4341,cat
4342,dog
4343,cat
4344,cat
4345,dog
4346,dog
4347,dog
4348,cat
4349,dog
4350,dog
4351,dog
4352,cat
4353,dog
4354,cat
4355,cat
4356,dog
4357,cat
4358,dog
4359,cat
4360,cat
4361,dog
4362,dog
4363,dog
4364,dog
4365,cat
4366,dog
4367,dog
4368,cat
4369,cat
4370,dog
4371,dog
4372,dog
4373,cat
4374,cat
4375,dog
4376,dog
4377,dog
4378,cat
4379,dog
4380,cat
4381,cat
4382,cat
4383,dog
4384,dog
4385,cat
4386,cat
4387,cat
4388,cat
4389,dog
4390,dog
4391,cat
4392,cat
4393,dog
4394,cat
4395,cat
4396,cat
4397,dog
4398,dog
4399,dog
4400,cat
4401,cat
4402,dog
4403,dog
4404,dog
4405,dog
4406,dog
4407,dog
4408,dog
4409,dog
4410,cat
4411,dog
4412,cat
4413,dog
4414,dog
4415,cat
4416,cat
4417,dog
4418,cat
4419,cat
4420,dog
4421,cat
4422,dog
4423,dog
4424,cat
4425,dog
4426,cat
4427,cat
4428,dog
4429,dog
4430,cat
4431,cat
4432,dog
4433,dog
4434,dog
4435,cat
4436,cat
4437,dog
4438,dog
4439,cat
4440,cat
4441,cat
4442,cat
4443,cat
4444,cat
4445,dog
4446,cat
4447,cat
4448,dog
4449,cat
4450,dog
4451,dog
4452,dog
4453,dog
4454,dog
4455,cat
4456,cat
4457,dog
4458,cat
4459,cat
4460,dog
4461,cat
4462,cat
4463,dog
4464,cat
4465,dog
4466,dog
4467,dog
4468,dog
4469,dog
4470,cat
4471,dog
4472,cat
4473,dog
4474,dog
4475,dog
4476,dog
4477,cat
4478,dog
4479,dog
4480,cat
4481,dog
4482,dog
4483,cat
4484,cat
4485,cat
4486,cat
4487,dog
4488,dog
4489,dog
4490,cat
4491,dog
4492,cat
4493,cat
4494,cat
4495,cat
4496,dog
4497,cat
4498,dog
4499,cat
4500,cat
4501,dog
4502,dog
4503,dog
4504,cat
4505,cat
4506,dog
4507,dog
4508,dog
4509,dog
4510,dog
4511,cat
4512,cat
4513,cat
4514,cat
4515,dog
4516,cat
4517,dog
4518,dog
4519,dog
4520,dog
4521,cat
4522,cat
4523,cat
4524,cat
4525,dog
4526,cat
4527,dog
4528,cat
4529,dog
4530,dog
4531,cat
4532,cat
4533,dog
4534,dog
4535,cat
4536,dog
4537,cat
4538,cat
4539,cat
4540,dog
4541,cat
4542,cat
4543,dog
4544,dog
4545,dog
4546,dog
4547,dog
4548,cat
4549,cat
4550,dog
4551,cat
4552,cat
4553,cat
4554,cat
4555,cat
4556,dog
4557,dog
4558,dog
4559,dog
4560,dog
4561,dog
4562,cat
4563,cat
4564,cat
4565,cat
4566,cat
4567,cat
4568,dog
4569,cat
4570,dog
4571,cat
4572,cat
4573,cat
4574,dog
4575,cat
4576,dog
4577,cat
4578,cat
4579,cat
4580,dog
4581,dog
4582,cat
4583,cat
4584,cat
4585,dog
4586,dog
4587,cat
4588,cat
4589,cat
4590,dog
4591,cat
4592,cat
4593,dog
4594,dog
4595,cat
4596,dog
4597,dog
4598,cat
4599,dog
4600,cat
4601,dog
4602,cat
4603,cat
4604,dog
4605,cat
4606,dog
4607,cat
4608,dog
4609,dog
4610,cat
4611,dog
4612,dog
4613,cat
4614,dog
4615,dog
4616,dog
4617,cat
4618,cat
4619,dog
4620,dog
4621,dog
4622,dog
4623,dog
4624,cat
4625,cat
4626,cat
4627,dog
4628,dog
4629,dog
4630,dog
4631,dog
4632,cat
4633,cat
4634,dog
4635,dog
4636,cat
4637,dog
4638,dog
4639,dog
4640,dog
4641,dog
4642,dog
4643,cat
4644,cat
4645,dog
4646,cat
4647,cat
4648,dog
4649,cat
4650,cat
4651,dog
4652,cat
4653,cat
4654,dog
4655,cat
4656,dog
4657,dog
4658,dog
4659,cat
4660,cat
4661,dog
4662,dog
4663,dog
4664,dog
4665,dog
4666,cat
4667,dog
4668,dog
4669,dog
4670,dog
4671,dog
4672,cat
4673,dog
4674,cat
4675,cat
4676,dog
4677,cat
4678,dog
4679,dog
4680,cat
4681,cat
4682,cat
4683,dog
4684,dog
4685,cat
4686,dog
4687,dog
4688,cat
4689,cat
4690,cat
4691,dog
4692,dog
4693,dog
4694,dog
4695,dog
4696,dog
4697,dog
4698,cat
4699,cat
4700,cat
4701,dog
4702,dog
4703,dog
4704,dog
4705,dog
4706,dog
4707,cat
4708,dog
4709,cat
4710,cat
4711,dog
4712,cat
4713,cat
4714,cat
4715,dog
4716,cat
4717,cat
4718,cat
4719,cat
4720,cat
4721,dog
4722,dog
4723,dog
4724,dog
4725,cat
4726,dog
4727,cat
4728,cat
4729,dog
4730,dog
4731,cat
4732,cat
4733,cat
4734,cat
4735,dog
4736,dog
4737,cat
4738,cat
4739,cat
4740,dog
4741,dog
4742,cat
4743,cat
4744,dog
4745,cat
4746,dog
4747,cat
4748,cat
4749,cat
4750,cat
4751,dog
4752,cat
4753,cat
4754,dog
4755,cat
4756,dog
4757,cat
4758,cat
4759,cat
4760,cat
4761,cat
4762,dog
4763,cat
4764,dog
4765,dog
4766,cat
4767,dog
4768,cat
4769,cat
4770,dog
4771,cat
4772,dog
4773,dog
4774,dog
4775,cat
4776,cat
4777,dog
4778,dog
4779,cat
4780,cat
4781,cat
4782,cat
4783,dog
4784,cat
4785,dog
4786,dog
4787,cat
4788,dog
4789,cat
4790,dog
4791,cat
4792,dog
4793,dog
4794,dog
4795,dog
4796,cat
4797,cat
4798,dog
4799,cat
4800,dog
4801,dog
4802,cat
4803,cat
4804,cat
4805,dog
4806,dog
4807,dog
4808,cat
4809,dog
4810,dog
4811,dog
4812,cat
4813,cat
4814,cat
4815,dog
4816,dog
4817,dog
4818,cat
4819,cat
4820,dog
4821,cat
4822,dog
4823,cat
4824,dog
4825,dog
4826,cat
4827,dog
4828,cat
4829,dog
4830,dog
4831,cat
4832,cat
4833,dog
4834,cat
4835,cat
4836,cat
4837,dog
4838,cat
4839,cat
4840,dog
4841,cat
4842,dog
4843,dog
4844,cat
4845,cat
4846,dog
4847,cat
4848,dog
4849,dog
4850,dog
4851,cat
4852,cat
4853,dog
4854,dog
4855,dog
4856,dog
4857,cat
4858,cat
4859,cat
4860,cat
4861,dog
4862,dog
4863,cat
4864,cat
4865,dog
4866,dog
4867,cat
4868,cat
4869,dog
4870,cat
4871,dog
4872,cat
4873,dog
4874,dog
4875,cat
4876,cat
4877,cat
4878,cat
4879,dog
4880,dog
4881,dog
4882,dog
4883,cat
4884,dog
4885,dog
4886,dog
4887,dog
4888,dog
4889,cat
4890,dog
4891,cat
4892,dog
4893,dog
4894,dog
4895,cat
4896,cat
4897,dog
4898,cat
4899,dog
4900,cat
4901,cat
4902,cat
4903,dog
4904,cat
4905,cat
4906,cat
4907,cat
4908,dog
4909,dog
4910,dog
4911,dog
4912,cat
4913,cat
4914,dog
4915,dog
4916,dog
4917,cat
4918,cat
4919,cat
4920,dog
4921,cat
4922,dog
4923,dog
4924,cat
4925,dog
4926,cat
4927,dog
4928,dog
4929,dog
4930,dog
4931,dog
4932,cat
4933,cat
4934,cat
4935,cat
4936,cat
4937,cat
4938,cat
4939,dog
4940,cat
4941,cat
4942,cat
4943,cat
4944,dog
4945,cat
4946,dog
4947,dog
4948,cat
4949,dog
4950,cat
4951,dog
4952,dog
4953,cat
4954,cat
4955,cat
4956,cat
4957,dog
4958,cat
4959,dog
4960,cat
4961,dog
4962,cat
4963,dog
4964,cat
4965,cat
4966,cat
4967,dog
4968,dog
4969,dog
4970,dog
4971,dog
4972,cat
4973,cat
4974,cat
4975,dog
4976,dog
4977,dog
4978,dog
4979,dog
4980,dog
4981,dog
4982,cat
4983,cat
4984,cat
4985,cat
4986,dog
4987,cat
4988,dog
4989,dog
4990,cat
4991,cat
4992,cat
4993,cat
4994,dog
4995,dog
4996,dog
4997,cat
4998,cat
4999,cat
5000,cat
5001,cat
5002,cat
5003,dog
5004,cat
5005,dog
5006,dog
5007,dog
5008,cat
5009,cat
5010,cat
5011,dog
5012,cat
5013,dog
5014,cat
5015,cat
5016,dog
5017,cat
5018,dog
5019,cat
5020,cat
5021,dog
5022,cat
5023,dog
5024,dog
5025,dog
5026,cat
5027,dog
5028,cat
5029,cat
5030,cat
5031,dog
5032,dog
5033,dog
5034,cat
5035,dog
5036,cat
5037,dog
5038,dog
5039,cat
5040,dog
5041,dog
5042,cat
5043,cat
5044,dog
5045,cat
5046,cat
5047,dog
5048,cat
5049,dog
5050,dog
5051,dog
5052,dog
5053,cat
5054,dog
5055,cat
5056,cat
5057,cat
5058,dog
5059,dog
5060,cat
5061,cat
5062,cat
5063,dog
5064,cat
5065,dog
5066,dog
5067,dog
5068,cat
5069,cat
5070,cat
5071,dog
5072,dog
5073,dog
5074,dog
5075,cat
5076,cat
5077,cat
5078,dog
5079,dog
5080,dog
5081,cat
5082,dog
5083,dog
5084,cat
5085,dog
5086,cat
5087,dog
5088,cat
5089,dog
5090,cat
5091,cat
5092,dog
5093,dog
5094,dog
5095,cat
5096,cat
5097,cat
5098,dog
5099,dog
5100,cat
5101,cat
5102,cat
5103,cat
5104,dog
5105,cat
5106,dog
5107,dog
5108,dog
5109,cat
5110,dog
5111,dog
5112,cat
5113,dog
5114,dog
5115,cat
5116,cat
5117,dog
5118,cat
5119,cat
5120,cat
5121,dog
5122,dog
5123,dog
5124,dog
5125,dog
5126,dog
5127,cat
5128,cat
5129,dog
5130,cat
5131,cat
5132,cat
5133,cat
5134,cat
5135,cat
5136,dog
5137,cat
5138,dog
5139,cat
5140,cat
5141,cat
5142,cat
5143,dog
5144,cat
5145,cat
5146,dog
5147,cat
5148,dog
5149,cat
5150,cat
5151,dog
5152,dog
5153,cat
5154,dog
5155,dog
5156,dog
5157,dog
5158,cat
5159,cat
5160,dog
5161,cat
5162,cat
5163,cat
5164,cat
5165,cat
5166,dog
5167,cat
5168,dog
5169,cat
5170,dog
5171,cat
5172,cat
5173,cat
5174,dog
5175,dog
5176,cat
5177,dog
5178,dog
5179,dog
5180,dog
5181,cat
5182,dog
5183,dog
5184,dog
5185,cat
5186,dog
5187,dog
5188,dog
5189,dog
5190,dog
5191,cat
5192,cat
5193,cat
5194,dog
5195,cat
5196,dog
5197,cat
5198,dog
5199,dog
5200,dog
5201,dog
5202,cat
5203,cat
5204,dog
5205,dog
5206,cat
5207,cat
5208,cat
5209,dog
5210,cat
5211,cat
5212,cat
5213,dog
5214,dog
5215,cat
5216,cat
5217,dog
5218,cat
5219,cat
5220,dog
5221,dog
5222,dog
5223,cat
5224,dog
5225,dog
5226,cat
5227,cat
5228,cat
5229,cat
5230,cat
5231,cat
5232,cat
5233,dog
5234,cat
5235,dog
5236,dog
5237,dog
5238,dog
5239,dog
5240,cat
5241,dog
5242,cat
5243,dog
5244,dog
5245,dog
5246,cat
5247,dog
5248,dog
5249,cat
5250,cat
5251,dog
5252,cat
5253,cat
5254,dog
5255,cat
5256,dog
5257,cat
5258,dog
5259,dog
5260,dog
5261,dog
5262,dog
5263,dog
5264,dog
5265,dog
5266,dog
5267,dog
5268,cat
5269,cat
5270,dog
5271,cat
5272,dog
5273,cat
5274,dog
5275,cat
5276,cat
5277,dog
5278,cat
5279,cat
5280,dog
5281,cat
5282,cat
5283,cat
5284,dog
5285,dog
5286,cat
5287,cat
5288,dog
5289,dog
5290,dog
5291,cat
5292,cat
5293,dog
5294,dog
5295,dog
5296,cat
5297,cat
5298,cat
5299,cat
5300,cat
5301,dog
5302,dog
5303,cat
5304,cat
5305,dog
5306,cat
5307,cat
5308,cat
5309,cat
5310,dog
5311,dog
5312,cat
5313,cat
5314,cat
5315,dog
5316,cat
5317,cat
5318,dog
5319,cat
5320,dog
5321,dog
5322,cat
5323,cat
5324,cat
5325,dog
5326,dog
5327,dog
5328,cat
5329,dog
5330,dog
5331,dog
5332,cat
5333,cat
5334,dog
5335,cat
5336,dog
5337,cat
5338,cat
5339,dog
5340,dog
5341,dog
5342,dog
5343,cat
5344,cat
5345,cat
5346,dog
5347,cat
5348,dog
5349,dog
5350,cat
5351,cat
5352,cat
5353,cat
5354,dog
5355,cat
5356,cat
5357,cat
5358,cat
5359,dog
5360,cat
5361,cat
5362,dog
5363,dog
5364,cat
5365,cat
5366,dog
5367,cat
5368,dog
5369,dog
5370,dog
5371,cat
5372,dog
5373,cat
5374,dog
5375,cat
5376,cat
5377,cat
5378,dog
5379,dog
5380,dog
5381,dog
5382,dog
5383,dog
5384,cat
5385,dog
5386,cat
5387,cat
5388,cat
5389,cat
5390,cat
5391,dog
5392,dog
5393,cat
5394,cat
5395,cat
5396,cat
5397,dog
5398,dog
5399,dog
5400,dog
5401,cat
5402,cat
5403,cat
5404,cat
5405,dog
5406,cat
5407,cat
5408,cat
5409,cat
5410,cat
5411,dog
5412,dog
5413,dog
5414,dog
5415,dog
5416,cat
5417,dog
5418,cat
5419,dog
5420,dog
5421,dog
5422,cat
5423,dog
5424,cat
5425,cat
5426,dog
5427,cat
5428,dog
5429,dog
5430,dog
5431,cat
5432,dog
5433,dog
5434,cat
5435,cat
5436,dog
5437,cat
5438,cat
5439,dog
5440,dog
5441,dog
5442,dog
5443,cat
5444,cat
5445,dog
5446,dog
5447,cat
5448,dog
5449,dog
5450,dog
5451,dog
5452,cat
5453,cat
5454,dog
5455,cat
5456,cat
5457,cat
5458,cat
5459,cat
5460,dog
5461,dog
5462,cat
5463,cat
5464,cat
5465,dog
5466,cat
5467,dog
5468,cat
5469,dog
5470,dog
5471,dog
5472,cat
5473,cat
5474,cat
5475,cat
5476,cat
5477,dog
5478,dog
5479,cat
5480,cat
5481,dog
5482,cat
5483,dog
5484,dog
5485,cat
5486,cat
5487,dog
5488,dog
5489,cat
5490,cat
5491,dog
5492,cat
5493,cat
5494,dog
5495,cat
5496,dog
5497,cat
5498,dog
5499,dog
5500,dog
5501,cat
5502,cat
5503,cat
5504,dog
5505,cat
5506,cat
5507,dog
5508,cat
5509,dog
5510,cat
5511,cat
5512,dog
5513,dog
5514,dog
5515,cat
5516,dog
5517,cat
5518,dog
5519,cat
5520,dog
5521,dog
5522,cat
5523,cat
5524,cat
5525,cat
5526,dog
5527,cat
5528,cat
5529,cat
5530,dog
5531,dog
5532,dog
5533,cat
5534,cat
5535,dog
5536,cat
5537,dog
5538,dog
5539,dog
5540,cat
5541,dog
5542,dog
5543,cat
5544,cat
5545,cat
5546,dog
5547,dog
5548,cat
5549,dog
5550,cat
5551,dog
5552,cat
5553,cat
5554,cat
5555,dog
5556,cat
5557,cat
5558,dog
5559,dog
5560,cat
5561,cat
5562,cat
5563,dog
5564,cat
5565,dog
5566,cat
5567,dog
5568,cat
5569,dog
5570,dog
5571,dog
5572,dog
5573,cat
5574,cat
5575,dog
5576,cat
5577,dog
5578,dog
5579,cat
5580,cat
5581,cat
5582,dog
5583,dog
5584,cat
5585,dog
5586,dog
5587,dog
5588,dog
5589,cat
5590,cat
5591,cat
5592,dog
5593,dog
5594,dog
5595,dog
5596,dog
5597,cat
5598,cat
5599,cat
5600,cat
5601,dog
5602,cat
5603,cat
5604,dog
5605,cat
5606,dog
5607,dog
5608,dog
5609,cat
5610,cat
5611,cat
5612,cat
5613,cat
5614,cat
5615,cat
5616,dog
5617,cat
5618,dog
5619,dog
5620,cat
5621,dog
5622,dog
5623,dog
5624,dog
5625,dog
5626,cat
5627,dog
5628,cat
5629,dog
5630,dog
5631,cat
5632,cat
5633,dog
5634,cat
5635,cat
5636,dog
5637,dog
5638,cat
5639,cat
5640,dog
5641,cat
5642,dog
5643,cat
5644,cat
5645,cat
5646,cat
5647,dog
5648,dog
5649,dog
5650,dog
5651,dog
5652,dog
5653,dog
5654,dog
5655,dog
5656,cat
5657,cat
5658,cat
5659,cat
5660,dog
5661,dog
5662,dog
5663,dog
5664,dog
5665,dog
5666,dog
5667,dog
5668,cat
5669,dog
5670,cat
5671,cat
5672,cat
5673,cat
5674,cat
5675,cat
5676,cat
5677,dog
5678,cat
5679,dog
5680,dog
5681,dog
5682,cat
5683,dog
5684,cat
5685,cat
5686,cat
5687,dog
5688,cat
5689,cat
5690,cat
5691,dog
5692,dog
5693,cat
5694,cat
5695,cat
5696,cat
5697,dog
5698,cat
5699,cat
5700,cat
5701,cat
5702,cat
5703,cat
5704,dog
5705,cat
5706,dog
5707,cat
5708,cat
5709,dog
5710,cat
5711,dog
5712,cat
5713,dog
5714,dog
5715,cat
5716,cat
5717,dog
5718,dog
5719,dog
5720,cat
5721,cat
5722,cat
5723,dog
5724,cat
5725,cat
5726,dog
5727,cat
5728,cat
5729,cat
5730,dog
5731,dog
5732,dog
5733,cat
5734,dog
5735,dog
5736,cat
5737,cat
5738,cat
5739,dog
5740,cat
5741,dog
5742,dog
5743,cat
5744,cat
5745,dog
5746,cat
5747,dog
5748,cat
5749,dog
5750,dog
5751,cat
5752,cat
5753,cat
5754,dog
5755,dog
5756,cat
5757,cat
5758,cat
5759,cat
5760,cat
5761,cat
5762,cat
5763,cat
5764,cat
5765,cat
5766,dog
5767,cat
5768,dog
5769,dog
5770,cat
5771,cat
5772,dog
5773,dog
5774,dog
5775,cat
5776,cat
5777,dog
5778,cat
5779,dog
5780,cat
5781,cat
5782,dog
5783,dog
5784,dog
5785,cat
5786,cat
5787,dog
5788,dog
5789,dog
5790,dog
5791,cat
5792,cat
5793,cat
5794,dog
5795,dog
5796,cat
5797,cat
5798,dog
5799,cat
5800,dog
5801,dog
5802,dog
5803,dog
5804,dog
5805,dog
5806,cat
5807,cat
5808,dog
5809,cat
5810,cat
5811,cat
5812,dog
5813,cat
5814,cat
5815,cat
5816,cat
5817,cat
5818,dog
5819,cat
5820,cat
5821,cat
5822,dog
5823,dog
5824,cat
5825,cat
5826,cat
5827,cat
5828,cat
5829,cat
5830,dog
5831,cat
5832,cat
5833,dog
5834,dog
5835,cat
5836,dog
5837,cat
5838,dog
5839,cat
5840,dog
5841,dog
5842,cat
5843,dog
5844,cat
5845,dog
5846,cat
5847,cat
5848,cat
5849,cat
5850,cat
5851,cat
5852,dog
5853,dog
5854,cat
5855,dog
5856,cat
5857,cat
5858,dog
5859,cat
5860,dog
5861,cat
5862,dog
5863,dog
5864,dog
5865,cat
5866,dog
5867,cat
5868,dog
5869,cat
5870,dog
5871,cat
5872,cat
5873,cat
5874,dog
5875,cat
5876,dog
5877,cat
5878,cat
5879,dog
5880,cat
5881,cat
5882,dog
5883,dog
5884,dog
5885,cat
5886,cat
5887,cat
5888,cat
5889,dog
5890,cat
5891,cat
5892,dog
5893,cat
5894,dog
5895,dog
5896,dog
5897,dog
5898,dog
5899,dog
5900,dog
5901,dog
5902,dog
5903,dog
5904,cat
5905,dog
5906,cat
5907,dog
5908,dog
5909,cat
5910,cat
5911,cat
5912,cat
5913,cat
5914,dog
5915,dog
5916,dog
5917,dog
5918,dog
5919,dog
5920,cat
5921,cat
5922,cat
5923,dog
5924,cat
5925,dog
5926,cat
5927,cat
5928,dog
5929,dog
5930,cat
5931,cat
5932,dog
5933,cat
5934,dog
5935,cat
5936,cat
5937,dog
5938,cat
5939,cat
5940,dog
5941,cat
5942,cat
5943,cat
5944,dog
5945,cat
5946,cat
5947,cat
5948,dog
5949,cat
5950,cat
5951,dog
5952,cat
5953,cat
5954,dog
5955,dog
5956,cat
5957,dog
5958,cat
5959,dog
5960,cat
5961,dog
5962,dog
5963,cat
5964,cat
5965,cat
5966,dog
5967,dog
5968,dog
5969,dog
5970,cat
5971,cat
5972,cat
5973,dog
5974,dog
5975,cat
5976,dog
5977,dog
5978,cat
5979,cat
5980,cat
5981,dog
5982,cat
5983,cat
5984,dog
5985,dog
5986,cat
5987,cat
5988,dog
5989,cat
5990,cat
5991,cat
5992,cat
5993,cat
5994,cat
5995,cat
5996,cat
5997,dog
5998,dog
5999,dog
6000,cat
6001,cat
6002,dog
6003,dog
6004,cat
6005,cat
6006,dog
6007,dog
6008,cat
6009,cat
6010,dog
6011,cat
6012,cat
6013,dog
6014,dog
6015,cat
6016,dog
6017,cat
6018,dog
6019,dog
6020,cat
6021,cat
6022,dog
6023,cat
6024,dog
6025,cat
6026,cat
6027,dog
6028,cat
6029,dog
6030,cat
6031,cat
6032,dog
6033,dog
6034,dog
6035,dog
6036,dog
6037,dog
6038,dog
6039,cat
6040,cat
6041,cat
6042,dog
6043,cat
6044,cat
6045,dog
6046,cat
6047,dog
6048,dog
6049,cat
6050,cat
6051,dog
6052,dog
6053,dog
6054,dog
6055,dog
6056,dog
6057,cat
6058,dog
6059,cat
6060,cat
6061,cat
6062,dog
6063,cat
6064,cat
6065,dog
6066,dog
6067,cat
6068,cat
6069,cat
6070,cat
6071,cat
6072,dog
6073,cat
6074,cat
6075,dog
6076,dog
6077,dog
6078,dog
6079,cat
6080,cat
6081,cat
6082,cat
6083,cat
6084,cat
6085,cat
6086,dog
6087,dog
6088,cat
6089,cat
6090,cat
6091,dog
6092,cat
6093,dog
6094,dog
6095,dog
6096,cat
6097,dog
6098,cat
6099,cat
6100,cat
6101,dog
6102,dog
6103,dog
6104,dog
6105,cat
6106,cat
6107,cat
6108,cat
6109,cat
6110,dog
6111,dog
6112,cat
6113,cat
6114,dog
6115,dog
6116,cat
6117,cat
6118,cat
6119,cat
6120,cat
6121,dog
6122,dog
6123,dog
6124,dog
6125,dog
6126,dog
6127,cat
6128,cat
6129,dog
6130,cat
6131,cat
6132,cat
6133,dog
6134,dog
6135,dog
6136,dog
6137,cat
6138,cat
6139,cat
6140,dog
6141,cat
6142,dog
6143,cat
6144,cat
6145,dog
6146,dog
6147,dog
6148,dog
6149,dog
6150,cat
6151,dog
6152,cat
6153,cat
6154,cat
6155,dog
6156,cat
6157,cat
6158,cat
6159,dog
6160,cat
6161,cat
6162,dog
6163,dog
6164,cat
6165,cat
6166,dog
6167,cat
6168,cat
6169,cat
6170,cat
6171,cat
6172,cat
6173,cat
6174,dog
6175,dog
6176,dog
6177,dog
6178,dog
6179,cat
6180,cat
6181,dog
6182,cat
6183,cat
6184,dog
6185,cat
6186,dog
6187,dog
6188,dog
6189,cat
6190,dog
6191,cat
6192,cat
6193,dog
6194,cat
6195,cat
6196,dog
6197,dog
6198,cat
6199,dog
6200,cat
6201,cat
6202,dog
6203,dog
6204,cat
6205,cat
6206,cat
6207,cat
6208,dog
6209,dog
6210,cat
6211,dog
6212,cat
6213,cat
6214,cat
6215,cat
6216,dog
6217,cat
6218,dog
6219,cat
6220,dog
6221,dog
6222,cat
6223,dog
6224,dog
6225,cat
6226,dog
6227,cat
6228,dog
6229,dog
6230,cat
6231,cat
6232,cat
6233,cat
6234,cat
6235,dog
6236,cat
6237,dog
6238,dog
6239,dog
6240,cat
6241,cat
6242,dog
6243,dog
6244,cat
6245,dog
6246,dog
6247,dog
6248,cat
6249,dog
6250,dog
6251,dog
6252,dog
6253,dog
6254,cat
6255,dog
6256,dog
6257,dog
6258,dog
6259,dog
6260,dog
6261,cat
6262,cat
6263,dog
6264,dog
6265,dog
6266,cat
6267,cat
6268,cat
6269,dog
6270,cat
6271,cat
6272,cat
6273,cat
6274,cat
6275,cat
6276,cat
6277,dog
6278,dog
6279,cat
6280,dog
6281,cat
6282,cat
6283,dog
6284,dog
6285,cat
6286,cat
6287,cat
6288,dog
6289,cat
6290,cat
6291,cat
6292,cat
6293,cat
6294,dog
6295,dog
6296,cat
6297,cat
6298,dog
6299,cat
6300,dog
6301,cat
6302,dog
6303,cat
6304,dog
6305,dog
6306,cat
6307,cat
6308,cat
6309,cat
6310,dog
6311,dog
6312,cat
6313,dog
6314,dog
6315,cat
6316,dog
6317,dog
6318,cat
6319,cat
6320,dog
6321,dog
6322,dog
6323,dog
6324,cat
6325,dog
6326,cat
6327,cat
6328,cat
6329,dog
6330,dog
6331,cat
6332,dog
6333,cat
6334,dog
6335,dog
6336,dog
6337,cat
6338,dog
6339,cat
6340,cat
6341,cat
6342,dog
6343,dog
6344,dog
6345,dog
6346,dog
6347,cat
6348,dog
6349,dog
6350,cat
6351,dog
6352,cat
6353,dog
6354,dog
6355,dog
6356,dog
6357,dog
6358,dog
6359,cat
6360,cat
6361,cat
6362,dog
6363,cat
6364,cat
6365,cat
6366,cat
6367,dog
6368,dog
6369,dog
6370,dog
6371,cat
6372,dog
6373,dog
6374,dog
6375,dog
6376,dog
6377,dog
6378,cat
6379,cat
6380,dog
6381,cat
6382,cat
6383,dog
6384,cat
6385,cat
6386,dog
6387,cat
6388,dog
6389,dog
6390,cat
6391,dog
6392,dog
6393,dog
6394,dog
6395,dog
6396,cat
6397,cat
6398,dog
6399,dog
6400,dog
6401,dog
6402,cat
6403,cat
6404,dog
6405,dog
6406,dog
6407,cat
6408,dog
6409,dog
6410,dog
6411,dog
6412,cat
6413,dog
6414,cat
6415,cat
6416,dog
6417,cat
6418,cat
6419,cat
6420,dog
6421,cat
6422,cat
6423,cat
6424,cat
6425,dog
6426,cat
6427,cat
6428,dog
6429,cat
6430,cat
6431,cat
6432,dog
6433,dog
6434,dog
6435,dog
6436,cat
6437,cat
6438,cat
6439,cat
6440,dog
6441,dog
6442,cat
6443,dog
6444,dog
6445,cat
6446,cat
6447,cat
6448,cat
6449,dog
6450,cat
6451,cat
6452,dog
6453,dog
6454,dog
6455,cat
6456,cat
6457,dog
6458,cat
6459,cat
6460,dog
6461,dog
6462,dog
6463,dog
6464,cat
6465,dog
6466,cat
6467,cat
6468,dog
6469,cat
6470,dog
6471,cat
6472,cat
6473,dog
6474,cat
6475,cat
6476,dog
6477,dog
6478,dog
6479,dog
6480,cat
6481,dog
6482,cat
6483,cat
6484,cat
6485,dog
6486,cat
6487,cat
6488,cat
6489,dog
6490,cat
6491,cat
6492,dog
6493,cat
6494,dog
6495,cat
6496,dog
6497,cat
6498,cat
6499,cat
6500,cat
6501,cat
6502,dog
6503,cat
6504,dog
6505,dog
6506,dog
6507,cat
6508,dog
6509,dog
6510,cat
6511,dog
6512,cat
6513,cat
6514,cat
6515,cat
6516,dog
6517,cat
6518,dog
6519,dog
6520,dog
6521,dog
6522,cat
6523,cat
6524,cat
6525,cat
6526,dog
6527,dog
6528,cat
6529,dog
6530,cat
6531,cat
6532,dog
6533,dog
6534,cat
6535,dog
6536,cat
6537,cat
6538,cat
6539,dog
6540,dog
6541,dog
6542,cat
6543,cat
6544,cat
6545,dog
6546,dog
6547,dog
6548,dog
6549,cat
6550,cat
6551,cat
6552,cat
6553,dog
6554,dog
6555,dog
6556,dog
6557,cat
6558,dog
6559,dog
6560,dog
6561,dog
6562,dog
6563,cat
6564,cat
6565,dog
6566,dog
6567,cat
6568,cat
6569,dog
6570,cat
6571,dog
6572,dog
6573,dog
6574,dog
6575,dog
6576,cat
6577,cat
6578,cat
6579,dog
6580,dog
6581,dog
6582,cat
6583,cat
6584,cat
6585,cat
6586,dog
6587,cat
6588,cat
6589,dog
6590,dog
6591,cat
6592,dog
6593,cat
6594,dog
6595,cat
6596,cat
6597,dog
6598,cat
6599,dog
6600,cat
6601,cat
6602,cat
6603,dog
6604,cat
6605,cat
6606,dog
6607,cat
6608,dog
6609,cat
6610,cat
6611,dog
6612,cat
6613,dog
6614,dog
6615,cat
6616,dog
6617,dog
6618,dog
6619,cat
6620,dog
6621,cat
6622,dog
6623,dog
6624,cat
6625,cat
6626,dog
6627,dog
6628,cat
6629,dog
6630,cat
6631,cat
6632,dog
6633,cat
6634,dog
6635,dog
6636,cat
6637,dog
6638,cat
6639,cat
6640,cat
6641,dog
6642,cat
6643,cat
6644,dog
6645,cat
6646,dog
6647,dog
6648,cat
6649,cat
6650,dog
6651,cat
6652,dog
6653,cat
6654,cat
6655,cat
6656,cat
6657,dog
6658,cat
6659,dog
6660,dog
6661,cat
6662,cat
6663,cat
6664,dog
6665,cat
6666,cat
6667,dog
6668,dog
6669,cat
6670,dog
6671,dog
6672,dog
6673,cat
6674,cat
6675,dog
6676,dog
6677,cat
6678,cat
6679,dog
6680,cat
6681,cat
6682,dog
6683,cat
6684,cat
6685,cat
6686,cat
6687,dog
6688,dog
6689,dog
6690,cat
6691,dog
6692,dog
6693,dog
6694,cat
6695,cat
6696,dog
6697,dog
6698,dog
6699,dog
6700,dog
6701,cat
6702,cat
6703,cat
6704,cat
6705,cat
6706,cat
6707,dog
6708,cat
6709,cat
6710,dog
6711,cat
6712,cat
6713,dog
6714,dog
6715,cat
6716,dog
6717,cat
6718,cat
6719,cat
6720,dog
6721,cat
6722,dog
6723,dog
6724,dog
6725,dog
6726,cat
6727,cat
6728,dog
6729,dog
6730,cat
6731,dog
6732,cat
6733,dog
6734,cat
6735,dog
6736,cat
6737,dog
6738,dog
6739,dog
6740,dog
6741,cat
6742,dog
6743,dog
6744,dog
6745,dog
6746,cat
6747,dog
6748,cat
6749,dog
6750,dog
6751,cat
6752,dog
6753,dog
6754,dog
6755,cat
6756,cat
6757,dog
6758,dog
6759,cat
6760,cat
6761,cat
6762,cat
6763,cat
6764,dog
6765,dog
6766,dog
6767,dog
6768,dog
6769,dog
6770,dog
6771,dog
6772,cat
6773,dog
6774,dog
6775,dog
6776,cat
6777,dog
6778,dog
6779,cat
6780,dog
6781,cat
6782,cat
6783,dog
6784,cat
6785,dog
6786,cat
6787,dog
6788,dog
6789,dog
6790,dog
6791,cat
6792,dog
6793,dog
6794,dog
6795,cat
6796,dog
6797,dog
6798,cat
6799,cat
6800,dog
6801,dog
6802,cat
6803,cat
6804,dog
6805,dog
6806,dog
6807,cat
6808,dog
6809,cat
6810,cat
6811,cat
6812,cat
6813,dog
6814,dog
6815,cat
6816,dog
6817,cat
6818,cat
6819,cat
6820,cat
6821,dog
6822,cat
6823,dog
6824,dog
6825,dog
6826,cat
6827,dog
6828,cat
6829,cat
6830,dog
6831,dog
6832,cat
6833,cat
6834,cat
6835,dog
6836,cat
6837,dog
6838,cat
6839,dog
6840,dog
6841,cat
6842,dog
6843,cat
6844,cat
6845,cat
6846,dog
6847,dog
6848,cat
6849,cat
6850,dog
6851,cat
6852,cat
6853,dog
6854,dog
6855,cat
6856,dog
6857,cat
6858,cat
6859,cat
6860,cat
6861,cat
6862,cat
6863,cat
6864,cat
6865,cat
6866,cat
6867,cat
6868,dog
6869,dog
6870,cat
6871,dog
6872,cat
6873,dog
6874,cat
6875,dog
6876,dog
6877,dog
6878,cat
6879,dog
6880,dog
6881,dog
6882,cat
6883,dog
6884,dog
6885,cat
6886,dog
6887,dog
6888,cat
6889,cat
6890,dog
6891,cat
6892,dog
6893,cat
6894,cat
6895,cat
6896,dog
6897,cat
6898,cat
6899,dog
6900,dog
6901,dog
6902,dog
6903,cat
6904,dog
6905,cat
6906,cat
6907,dog
6908,cat
6909,dog
6910,cat
6911,dog
6912,dog
6913,cat
6914,cat
6915,dog
6916,cat
6917,dog
6918,dog
6919,cat
6920,cat
6921,dog
6922,dog
6923,dog
6924,cat
6925,dog
6926,dog
6927,dog
6928,cat
6929,dog
6930,cat
6931,dog
6932,dog
6933,dog
6934,dog
6935,cat
6936,cat
6937,dog
6938,cat
6939,cat
6940,cat
6941,dog
6942,dog
6943,dog
6944,dog
6945,cat
6946,cat
6947,cat
6948,cat
6949,cat
6950,cat
6951,cat
6952,cat
6953,dog
6954,cat
6955,dog
6956,cat
6957,cat
6958,cat
6959,dog
6960,dog
6961,cat
6962,cat
6963,cat
6964,dog
6965,dog
6966,cat
6967,dog
6968,cat
6969,dog
6970,cat
6971,cat
6972,dog
6973,dog
6974,cat
6975,dog
6976,cat
6977,dog
6978,cat
6979,dog
6980,cat
6981,cat
6982,dog
6983,cat
6984,cat
6985,cat
6986,cat
6987,dog
6988,cat
6989,dog
6990,cat
6991,dog
6992,dog
6993,dog
6994,dog
6995,dog
6996,cat
6997,cat
6998,dog
6999,dog
7000,dog
7001,cat
7002,dog
7003,cat
7004,dog
7005,cat
7006,cat
7007,cat
7008,cat
7009,cat
7010,cat
7011,dog
7012,cat
7013,cat
7014,cat
7015,dog
7016,cat
7017,cat
7018,dog
7019,dog
7020,dog
7021,dog
7022,cat
7023,dog
7024,cat
7025,dog
7026,dog
7027,cat
7028,cat
7029,dog
7030,cat
7031,cat
7032,dog
7033,dog
7034,dog
7035,dog
7036,cat
7037,cat
7038,dog
7039,dog
7040,cat
7041,cat
7042,cat
7043,dog
7044,dog
7045,dog
7046,cat
7047,dog
7048,dog
7049,cat
7050,dog
7051,cat
7052,cat
7053,cat
7054,dog
7055,cat
7056,dog
7057,cat
7058,cat
7059,dog
7060,dog
7061,dog
7062,cat
7063,cat
7064,dog
7065,cat
7066,dog
7067,dog
7068,cat
7069,dog
7070,cat
7071,cat
7072,dog
7073,dog
7074,cat
7075,dog
7076,dog
7077,cat
7078,cat
7079,cat
7080,dog
7081,cat
7082,cat
7083,cat
7084,dog
7085,cat
7086,cat
7087,dog
7088,cat
7089,dog
7090,dog
7091,cat
7092,cat
7093,cat
7094,cat
7095,dog
7096,cat
7097,dog
7098,dog
7099,cat
7100,cat
7101,cat
7102,dog
7103,cat
7104,dog
7105,dog
7106,dog
7107,cat
7108,dog
7109,dog
7110,cat
7111,cat
7112,cat
7113,dog
7114,cat
7115,dog
7116,cat
7117,cat
7118,dog
7119,dog
7120,cat
7121,dog
7122,cat
7123,dog
7124,dog
7125,cat
7126,dog
7127,dog
7128,dog
7129,dog
7130,cat
7131,cat
7132,cat
7133,cat
7134,dog
7135,cat
7136,cat
7137,dog
7138,dog
7139,dog
7140,cat
7141,dog
7142,dog
7143,cat
7144,dog
7145,dog
7146,cat
7147,dog
7148,cat
7149,dog
7150,cat
7151,cat
7152,dog
7153,dog
7154,dog
7155,dog
7156,cat
7157,dog
7158,dog
7159,dog
7160,dog
7161,cat
7162,dog
7163,cat
7164,dog
7165,cat
7166,cat
7167,cat
7168,cat
7169,dog
7170,cat
7171,dog
7172,dog
7173,cat
7174,dog
7175,dog
7176,cat
7177,cat
7178,dog
7179,dog
7180,cat
7181,dog
7182,cat
7183,cat
7184,cat
7185,cat
7186,dog
7187,dog
7188,dog
7189,dog
7190,dog
7191,dog
7192,cat
7193,cat
7194,cat
7195,dog
7196,dog
7197,cat
7198,cat
7199,cat
7200,cat
7201,dog
7202,dog
7203,cat
7204,dog
7205,dog
7206,dog
7207,cat
7208,cat
7209,cat
7210,cat
7211,cat
7212,dog
7213,cat
7214,dog
7215,cat
7216,cat
7217,dog
7218,cat
7219,cat
7220,dog
7221,cat
7222,dog
7223,dog
7224,cat
7225,dog
7226,cat
7227,cat
7228,cat
7229,dog
7230,cat
7231,cat
7232,cat
7233,dog
7234,dog
7235,dog
7236,dog
7237,dog
7238,dog
7239,dog
7240,dog
7241,dog
7242,dog
7243,cat
7244,cat
7245,dog
7246,dog
7247,dog
7248,cat
7249,dog
7250,dog
7251,cat
7252,dog
7253,cat
7254,dog
7255,dog
7256,cat
7257,cat
7258,cat
7259,cat
7260,dog
7261,cat
7262,dog
7263,dog
7264,cat
7265,dog
7266,dog
7267,dog
7268,dog
7269,cat
7270,cat
7271,dog
7272,dog
7273,dog
7274,dog
7275,cat
7276,cat
7277,dog
7278,dog
7279,cat
7280,dog
7281,dog
7282,dog
7283,cat
7284,cat
7285,cat
7286,cat
7287,dog
7288,dog
7289,cat
7290,dog
7291,cat
7292,dog
7293,dog
7294,dog
7295,cat
7296,dog
7297,dog
7298,cat
7299,cat
7300,cat
7301,dog
7302,dog
7303,cat
7304,cat
7305,dog
7306,cat
7307,dog
7308,dog
7309,dog
7310,cat
7311,dog
7312,dog
7313,dog
7314,dog
7315,cat
7316,cat
7317,cat
7318,cat
7319,dog
7320,dog
7321,dog
7322,cat
7323,dog
7324,cat
7325,dog
7326,cat
7327,dog
7328,cat
7329,dog
7330,dog
7331,dog
7332,dog
7333,cat
7334,dog
7335,cat
7336,dog
7337,dog
7338,cat
7339,cat
7340,dog
7341,dog
7342,dog
7343,cat
7344,cat
7345,cat
7346,dog
7347,dog
7348,dog
7349,cat
7350,dog
7351,dog
7352,dog
7353,dog
7354,cat
7355,cat
7356,dog
7357,cat
7358,cat
7359,cat
7360,cat
7361,cat
7362,cat
7363,cat
7364,cat
7365,cat
7366,dog
7367,cat
7368,dog
7369,dog
7370,dog
7371,cat
7372,dog
7373,cat
7374,dog
7375,cat
7376,cat
7377,dog
7378,cat
7379,dog
7380,cat
7381,cat
7382,dog
7383,cat
7384,dog
7385,cat
7386,dog
7387,dog
7388,dog
7389,dog
7390,cat
7391,dog
7392,cat
7393,cat
7394,dog
7395,cat
7396,cat
7397,dog
7398,dog
7399,dog
7400,dog
7401,dog
7402,dog
7403,cat
7404,cat
7405,dog
7406,dog
7407,cat
7408,cat
7409,cat
7410,cat
7411,dog
7412,dog
7413,dog
7414,dog
7415,cat
7416,dog
7417,cat
7418,dog
7419,cat
7420,dog
7421,cat
7422,cat
7423,cat
7424,dog
7425,dog
7426,cat
7427,dog
7428,dog
7429,dog
7430,cat
7431,dog
7432,cat
7433,dog
7434,dog
7435,cat
7436,dog
7437,dog
7438,cat
7439,cat
7440,cat
7441,dog
7442,cat
7443,cat
7444,dog
7445,cat
7446,cat
7447,dog
7448,dog
7449,cat
7450,cat
7451,dog
7452,cat
7453,cat
7454,cat
7455,cat
7456,cat
7457,cat
7458,cat
7459,dog
7460,dog
7461,dog
7462,cat
7463,dog
7464,dog
7465,cat
7466,dog
7467,cat
7468,cat
7469,dog
7470,cat
7471,cat
7472,dog
7473,cat
7474,cat
7475,dog
7476,cat
7477,cat
7478,dog
7479,cat
7480,dog
7481,cat
7482,cat
7483,cat
7484,dog
7485,cat
7486,cat
7487,dog
7488,dog
7489,dog
7490,cat
7491,dog
7492,cat
7493,dog
7494,cat
7495,cat
7496,dog
7497,cat
7498,cat
7499,cat
7500,dog
7501,dog
7502,dog
7503,dog
7504,cat
7505,cat
7506,dog
7507,dog
7508,cat
7509,dog
7510,dog
7511,dog
7512,cat
7513,cat
7514,cat
7515,cat
7516,dog
7517,cat
7518,cat
7519,dog
7520,cat
7521,dog
7522,cat
7523,dog
7524,dog
7525,cat
7526,cat
7527,dog
7528,cat
7529,dog
7530,dog
7531,cat
7532,dog
7533,cat
7534,cat
7535,dog
7536,dog
7537,dog
7538,cat
7539,cat
7540,dog
7541,dog
7542,cat
7543,dog
7544,dog
7545,dog
7546,dog
7547,cat
7548,cat
7549,cat
7550,cat
7551,cat
7552,dog
7553,cat
7554,dog
7555,cat
7556,cat
7557,cat
7558,dog
7559,cat
7560,dog
7561,dog
7562,cat
7563,dog
7564,cat
7565,dog
7566,dog
7567,cat
7568,cat
7569,cat
7570,dog
7571,dog
7572,dog
7573,cat
7574,dog
7575,cat
7576,dog
7577,cat
7578,dog
7579,cat
7580,cat
7581,dog
7582,cat
7583,dog
7584,dog
7585,cat
7586,cat
7587,dog
7588,cat
7589,dog
7590,cat
7591,dog
7592,dog
7593,cat
7594,dog
7595,dog
7596,dog
7597,cat
7598,dog
7599,cat
7600,dog
7601,dog
7602,dog
7603,dog
7604,cat
7605,dog
7606,dog
7607,dog
7608,dog
7609,cat
7610,dog
7611,dog
7612,cat
7613,cat
7614,dog
7615,dog
7616,cat
7617,dog
7618,cat
7619,dog
7620,cat
7621,cat
7622,cat
7623,cat
7624,dog
7625,cat
7626,cat
7627,cat
7628,cat
7629,cat
7630,cat
7631,dog
7632,dog
7633,cat
7634,dog
7635,cat
7636,dog
7637,dog
7638,dog
7639,dog
7640,dog
7641,cat
7642,cat
7643,cat
7644,dog
7645,dog
7646,cat
7647,cat
7648,cat
7649,dog
7650,dog
7651,cat
7652,dog
7653,cat
7654,dog
7655,cat
7656,cat
7657,dog
7658,dog
7659,dog
7660,dog
7661,cat
7662,dog
7663,cat
7664,cat
7665,dog
7666,dog
7667,cat
7668,dog
7669,dog
7670,dog
7671,dog
7672,cat
7673,cat
7674,cat
7675,dog
7676,cat
7677,dog
7678,dog
7679,cat
7680,cat
7681,dog
7682,cat
7683,dog
7684,cat
7685,dog
7686,cat
7687,dog
7688,dog
7689,dog
7690,dog
7691,dog
7692,dog
7693,dog
7694,dog
7695,cat
7696,cat
7697,dog
7698,cat
7699,dog
7700,cat
7701,cat
7702,dog
7703,cat
7704,dog
7705,cat
7706,cat
7707,dog
7708,dog
7709,dog
7710,dog
7711,cat
7712,cat
7713,cat
7714,cat
7715,dog
7716,dog
7717,dog
7718,dog
7719,dog
7720,dog
7721,cat
7722,cat
7723,dog
7724,cat
7725,cat
7726,cat
7727,dog
7728,cat
7729,dog
7730,cat
7731,dog
7732,cat
7733,cat
7734,dog
7735,dog
7736,cat
7737,cat
7738,dog
7739,cat
7740,cat
7741,cat
7742,dog
7743,cat
7744,dog
7745,dog
7746,dog
7747,dog
7748,dog
7749,dog
7750,dog
7751,cat
7752,cat
7753,dog
7754,cat
7755,dog
7756,dog
7757,dog
7758,dog
7759,dog
7760,cat
7761,dog
7762,dog
7763,dog
7764,dog
7765,cat
7766,dog
7767,dog
7768,cat
7769,dog
7770,cat
7771,dog
7772,dog
7773,cat
7774,dog
7775,cat
7776,cat
7777,dog
7778,dog
7779,dog
7780,dog
7781,cat
7782,dog
7783,cat
7784,dog
7785,dog
7786,dog
7787,cat
7788,dog
7789,cat
7790,cat
7791,dog
7792,dog
7793,dog
7794,cat
7795,cat
7796,cat
7797,dog
7798,dog
7799,dog
7800,dog
7801,dog
7802,dog
7803,cat
7804,dog
7805,cat
7806,dog
7807,dog
7808,cat
7809,dog
7810,dog
7811,dog
7812,dog
7813,cat
7814,cat
7815,dog
7816,dog
7817,cat
7818,cat
7819,dog
7820,dog
7821,cat
7822,cat
7823,cat
7824,dog
7825,dog
7826,dog
7827,dog
7828,dog
7829,cat
7830,cat
7831,cat
7832,dog
7833,cat
7834,dog
7835,dog
7836,cat
7837,cat
7838,dog
7839,dog
7840,dog
7841,dog
7842,cat
7843,dog
7844,cat
7845,cat
7846,dog
7847,dog
7848,dog
7849,cat
7850,cat
7851,dog
7852,cat
7853,cat
7854,cat
7855,cat
7856,dog
7857,dog
7858,dog
7859,cat
7860,dog
7861,cat
7862,dog
7863,dog
7864,cat
7865,dog
7866,cat
7867,cat
7868,dog
7869,dog
7870,dog
7871,cat
7872,dog
7873,dog
7874,cat
7875,dog
7876,dog
7877,cat
7878,cat
7879,dog
7880,dog
7881,dog
7882,cat
7883,cat
7884,dog
7885,dog
7886,dog
7887,dog
7888,cat
7889,dog
7890,dog
7891,dog
7892,cat
7893,cat
7894,cat
7895,dog
7896,cat
7897,cat
7898,dog
7899,cat
7900,cat
7901,dog
7902,cat
7903,dog
7904,cat
7905,cat
7906,cat
7907,cat
7908,cat
7909,cat
7910,dog
7911,cat
7912,cat
7913,cat
7914,dog
7915,cat
7916,dog
7917,dog
7918,dog
7919,cat
7920,cat
7921,cat
7922,dog
7923,cat
7924,dog
7925,dog
7926,cat
7927,cat
7928,dog
7929,dog
7930,cat
7931,dog
7932,cat
7933,cat
7934,dog
7935,cat
7936,dog
7937,dog
7938,cat
7939,dog
7940,dog
7941,dog
7942,cat
7943,dog
7944,dog
7945,cat
7946,dog
7947,cat
7948,dog
7949,dog
7950,dog
7951,cat
7952,dog
7953,dog
7954,dog
7955,cat
7956,cat
7957,cat
7958,dog
7959,cat
7960,cat
7961,cat
7962,cat
7963,cat
7964,dog
7965,dog
7966,dog
7967,dog
7968,cat
7969,dog
7970,dog
7971,cat
7972,cat
7973,cat
7974,cat
7975,dog
7976,cat
7977,cat
7978,cat
7979,cat
7980,cat
7981,cat
7982,cat
7983,cat
7984,cat
7985,cat
7986,dog
7987,cat
7988,dog
7989,cat
7990,cat
7991,dog
7992,dog
7993,dog
7994,cat
7995,dog
7996,cat
7997,dog
7998,dog
7999,dog
8000,cat
8001,dog
8002,dog
8003,cat
8004,dog
8005,dog
8006,cat
8007,cat
8008,cat
8009,cat
8010,dog
8011,cat
8012,cat
8013,cat
8014,cat
8015,dog
8016,cat
8017,dog
8018,cat
8019,cat
8020,dog
8021,cat
8022,dog
8023,dog
8024,cat
8025,dog
8026,dog
8027,cat
8028,dog
8029,dog
8030,dog
8031,dog
8032,cat
8033,dog
8034,dog
8035,cat
8036,dog
8037,dog
8038,dog
8039,dog
8040,dog
8041,dog
8042,dog
8043,dog
8044,dog
8045,dog
8046,dog
8047,dog
8048,cat
8049,dog
8050,dog
8051,cat
8052,cat
8053,dog
8054,dog
8055,cat
8056,cat
8057,dog
8058,dog
8059,cat
8060,cat
8061,dog
8062,cat
8063,cat
8064,cat
8065,cat
8066,dog
8067,cat
8068,dog
8069,dog
8070,dog
8071,cat
8072,dog
8073,dog
8074,cat
8075,dog
8076,dog
8077,cat
8078,dog
8079,cat
8080,cat
8081,cat
8082,dog
8083,dog
8084,cat
8085,cat
8086,cat
8087,dog
8088,cat
8089,cat
8090,dog
8091,dog
8092,cat
8093,cat
8094,cat
8095,cat
8096,dog
8097,cat
8098,dog
8099,cat
8100,dog
8101,dog
8102,cat
8103,dog
8104,cat
8105,dog
8106,dog
8107,dog
8108,dog
8109,dog
8110,dog
8111,dog
8112,cat
8113,cat
8114,dog
8115,cat
8116,cat
8117,dog
8118,dog
8119,cat
8120,dog
8121,dog
8122,dog
8123,dog
8124,dog
8125,cat
8126,dog
8127,dog
8128,cat
8129,cat
8130,dog
8131,cat
8132,cat
8133,dog
8134,cat
8135,dog
8136,cat
8137,cat
8138,dog
8139,cat
8140,dog
8141,dog
8142,cat
8143,dog
8144,dog
8145,cat
8146,dog
8147,dog
8148,cat
8149,dog
8150,dog
8151,dog
8152,cat
8153,dog
8154,cat
8155,cat
8156,dog
8157,cat
8158,cat
8159,cat
8160,dog
8161,dog
8162,cat
8163,cat
8164,dog
8165,cat
8166,dog
8167,dog
8168,dog
8169,dog
8170,cat
8171,dog
8172,dog
8173,cat
8174,dog
8175,dog
8176,cat
8177,dog
8178,cat
8179,dog
8180,cat
8181,cat
8182,cat
8183,cat
8184,cat
8185,cat
8186,cat
8187,cat
8188,cat
8189,cat
8190,dog
8191,cat
8192,dog
8193,cat
8194,cat
8195,cat
8196,cat
8197,cat
8198,cat
8199,cat
8200,cat
8201,cat
8202,dog
8203,dog
8204,dog
8205,cat
8206,dog
8207,dog
8208,dog
8209,dog
8210,cat
8211,cat
8212,cat
8213,cat
8214,cat
8215,dog
8216,cat
8217,cat
8218,cat
8219,cat
8220,dog
8221,cat
8222,cat
8223,cat
8224,cat
8225,cat
8226,dog
8227,dog
8228,cat
8229,cat
8230,cat
8231,dog
8232,dog
8233,dog
8234,dog
8235,cat
8236,cat
8237,dog
8238,dog
8239,cat
8240,dog
8241,dog
8242,cat
8243,cat
8244,dog
8245,dog
8246,cat
8247,dog
8248,dog
8249,dog
8250,cat
8251,dog
8252,cat
8253,cat
8254,dog
8255,cat
8256,dog
8257,cat
8258,dog
8259,cat
8260,dog
8261,dog
8262,cat
8263,cat
8264,cat
8265,cat
8266,dog
8267,cat
8268,cat
8269,dog
8270,cat
8271,dog
8272,dog
8273,dog
8274,dog
8275,cat
8276,dog
8277,cat
8278,dog
8279,dog
8280,cat
8281,cat
8282,cat
8283,dog
8284,dog
8285,dog
8286,dog
8287,dog
8288,cat
8289,dog
8290,cat
8291,cat
8292,dog
8293,dog
8294,cat
8295,cat
8296,cat
8297,dog
8298,cat
8299,dog
8300,dog
8301,cat
8302,cat
8303,cat
8304,cat
8305,cat
8306,dog
8307,cat
8308,cat
8309,cat
8310,dog
8311,cat
8312,dog
8313,dog
8314,dog
8315,cat
8316,cat
8317,cat
8318,dog
8319,dog
8320,cat
8321,dog
8322,cat
8323,cat
8324,cat
8325,dog
8326,cat
8327,dog
8328,cat
8329,cat
8330,dog
8331,dog
8332,dog
8333,dog
8334,cat
8335,cat
8336,cat
8337,dog
8338,dog
8339,cat
8340,dog
8341,cat
8342,cat
8343,dog
8344,dog
8345,cat
8346,cat
8347,dog
8348,dog
8349,cat
8350,cat
8351,dog
8352,dog
8353,cat
8354,cat
8355,dog
8356,cat
8357,cat
8358,dog
8359,cat
8360,dog
8361,dog
8362,cat
8363,dog
8364,cat
8365,dog
8366,dog
8367,dog
8368,dog
8369,cat
8370,cat
8371,cat
8372,dog
8373,cat
8374,cat
8375,cat
8376,dog
8377,cat
8378,dog
8379,cat
8380,cat
8381,cat
8382,cat
8383,cat
8384,dog
8385,cat
8386,cat
8387,cat
8388,cat
8389,cat
8390,dog
8391,cat
8392,dog
8393,cat
8394,cat
8395,cat
8396,dog
8397,cat
8398,dog
8399,cat
8400,dog
8401,cat
8402,dog
8403,cat
8404,dog
8405,cat
8406,dog
8407,cat
8408,dog
8409,dog
8410,dog
8411,cat
8412,dog
8413,dog
8414,dog
8415,dog
8416,cat
8417,cat
8418,dog
8419,cat
8420,dog
8421,cat
8422,dog
8423,dog
8424,cat
8425,dog
8426,dog
8427,cat
8428,dog
8429,cat
8430,dog
8431,cat
8432,dog
8433,cat
8434,dog
8435,dog
8436,cat
8437,dog
8438,cat
8439,cat
8440,cat
8441,dog
8442,cat
8443,dog
8444,dog
8445,dog
8446,dog
8447,cat
8448,dog
8449,dog
8450,dog
8451,cat
8452,cat
8453,dog
8454,dog
8455,cat
8456,cat
8457,dog
8458,dog
8459,dog
8460,dog
8461,cat
8462,dog
8463,cat
8464,cat
8465,dog
8466,cat
8467,cat
8468,dog
8469,dog
8470,dog
8471,dog
8472,dog
8473,dog
8474,cat
8475,cat
8476,cat
8477,cat
8478,cat
8479,dog
8480,cat
8481,cat
8482,cat
8483,dog
8484,cat
8485,cat
8486,dog
8487,dog
8488,cat
8489,cat
8490,dog
8491,dog
8492,cat
8493,cat
8494,cat
8495,dog
8496,cat
8497,cat
8498,dog
8499,dog
8500,cat
8501,cat
8502,dog
8503,cat
8504,cat
8505,cat
8506,cat
8507,cat
8508,dog
8509,dog
8510,cat
8511,dog
8512,cat
8513,cat
8514,dog
8515,cat
8516,cat
8517,cat
8518,dog
8519,dog
8520,cat
8521,dog
8522,dog
8523,cat
8524,dog
8525,dog
8526,dog
8527,dog
8528,dog
8529,cat
8530,dog
8531,cat
8532,cat
8533,cat
8534,cat
8535,cat
8536,dog
8537,dog
8538,dog
8539,dog
8540,cat
8541,dog
8542,dog
8543,cat
8544,dog
8545,cat
8546,dog
8547,dog
8548,dog
8549,dog
8550,cat
8551,dog
8552,cat
8553,cat
8554,dog
8555,cat
8556,dog
8557,dog
8558,dog
8559,dog
8560,cat
8561,dog
8562,cat
8563,dog
8564,cat
8565,dog
8566,cat
8567,dog
8568,cat
8569,dog
8570,dog
8571,cat
8572,cat
8573,dog
8574,dog
8575,cat
8576,dog
8577,cat
8578,cat
8579,dog
8580,cat
8581,cat
8582,dog
8583,dog
8584,dog
8585,dog
8586,dog
8587,dog
8588,dog
8589,dog
8590,dog
8591,dog
8592,dog
8593,cat
8594,cat
8595,dog
8596,dog
8597,cat
8598,cat
8599,dog
8600,cat
8601,dog
8602,dog
8603,dog
8604,cat
8605,dog
8606,cat
8607,dog
8608,cat
8609,cat
8610,dog
8611,dog
8612,dog
8613,cat
8614,cat
8615,dog
8616,dog
8617,dog
8618,dog
8619,dog
8620,dog
8621,dog
8622,cat
8623,cat
8624,cat
8625,dog
8626,dog
8627,cat
8628,dog
8629,cat
8630,dog
8631,dog
8632,cat
8633,dog
8634,cat
8635,dog
8636,dog
8637,cat
8638,cat
8639,cat
8640,cat
8641,cat
8642,cat
8643,dog
8644,cat
8645,dog
8646,cat
8647,dog
8648,dog
8649,dog
8650,dog
8651,dog
8652,dog
8653,cat
8654,cat
8655,cat
8656,dog
8657,dog
8658,cat
8659,cat
8660,dog
8661,cat
8662,cat
8663,cat
8664,cat
8665,cat
8666,cat
8667,cat
8668,cat
8669,cat
8670,cat
8671,cat
8672,cat
8673,cat
8674,cat
8675,cat
8676,cat
8677,dog
8678,cat
8679,cat
8680,cat
8681,cat
8682,dog
8683,cat
8684,cat
8685,dog
8686,cat
8687,dog
8688,cat
8689,dog
8690,cat
8691,cat
8692,dog
8693,dog
8694,cat
8695,dog
8696,cat
8697,cat
8698,cat
8699,dog
8700,cat
8701,cat
8702,dog
8703,cat
8704,cat
8705,dog
8706,cat
8707,dog
8708,cat
8709,cat
8710,dog
8711,cat
8712,cat
8713,dog
8714,dog
8715,dog
8716,dog
8717,dog
8718,cat
8719,dog
8720,dog
8721,cat
8722,cat
8723,cat
8724,cat
8725,dog
8726,dog
8727,cat
8728,cat
8729,cat
8730,cat
8731,cat
8732,cat
8733,dog
8734,cat
8735,dog
8736,dog
8737,dog
8738,dog
8739,cat
8740,dog
8741,cat
8742,cat
8743,cat
8744,cat
8745,dog
8746,cat
8747,dog
8748,dog
8749,cat
8750,dog
8751,dog
8752,dog
8753,dog
8754,dog
8755,cat
8756,dog
8757,dog
8758,dog
8759,dog
8760,dog
8761,dog
8762,dog
8763,dog
8764,cat
8765,dog
8766,cat
8767,dog
8768,dog
8769,cat
8770,dog
8771,cat
8772,dog
8773,dog
8774,dog
8775,cat
8776,cat
8777,dog
8778,cat
8779,cat
8780,cat
8781,dog
8782,cat
8783,dog
8784,cat
8785,dog
8786,dog
8787,dog
8788,cat
8789,dog
8790,cat
8791,cat
8792,dog
8793,dog
8794,dog
8795,cat
8796,cat
8797,dog
8798,cat
8799,dog
8800,dog
8801,cat
8802,cat
8803,dog
8804,dog
8805,cat
8806,cat
8807,cat
8808,cat
8809,cat
8810,cat
8811,cat
8812,dog
8813,dog
8814,cat
8815,cat
8816,cat
8817,dog
8818,cat
8819,dog
8820,dog
8821,dog
8822,dog
8823,cat
8824,cat
8825,dog
8826,cat
8827,dog
8828,dog
8829,cat
8830,dog
8831,cat
8832,dog
8833,cat
8834,cat
8835,dog
8836,cat
8837,cat
8838,dog
8839,cat
8840,dog
8841,dog
8842,dog
8843,cat
8844,cat
8845,cat
8846,cat
8847,dog
8848,cat
8849,dog
8850,cat
8851,cat
8852,cat
8853,cat
8854,cat
8855,cat
8856,dog
8857,cat
8858,cat
8859,dog
8860,cat
8861,dog
8862,cat
8863,cat
8864,cat
8865,cat
8866,dog
8867,dog
8868,cat
8869,dog
8870,cat
8871,cat
8872,cat
8873,cat
8874,cat
8875,cat
8876,dog
8877,dog
8878,dog
8879,cat
8880,dog
8881,dog
8882,cat
8883,dog
8884,dog
8885,cat
8886,dog
8887,dog
8888,dog
8889,dog
8890,dog
8891,dog
8892,dog
8893,dog
8894,dog
8895,cat
8896,cat
8897,dog
8898,cat
8899,cat
8900,cat
8901,dog
8902,dog
8903,cat
8904,dog
8905,cat
8906,dog
8907,cat
8908,dog
8909,cat
8910,dog
8911,dog
8912,cat
8913,dog
8914,cat
8915,dog
8916,dog
8917,cat
8918,cat
8919,dog
8920,dog
8921,cat
8922,dog
8923,cat
8924,dog
8925,dog
8926,dog
8927,dog
8928,cat
8929,dog
8930,cat
8931,cat
8932,cat
8933,cat
8934,cat
8935,cat
8936,cat
8937,dog
8938,dog
8939,dog
8940,dog
8941,cat
8942,cat
8943,cat
8944,dog
8945,cat
8946,dog
8947,cat
8948,dog
8949,dog
8950,cat
8951,dog
8952,dog
8953,cat
8954,cat
8955,cat
8956,dog
8957,cat
8958,dog
8959,dog
8960,cat
8961,dog
8962,dog
8963,cat
8964,cat
8965,dog
8966,dog
8967,dog
8968,dog
8969,dog
8970,dog
8971,dog
8972,dog
8973,dog
8974,dog
8975,cat
8976,cat
8977,cat
8978,dog
8979,cat
8980,dog
8981,cat
8982,dog
8983,cat
8984,dog
8985,cat
8986,cat
8987,dog
8988,cat
8989,cat
8990,dog
8991,cat
8992,dog
8993,cat
8994,dog
8995,cat
8996,dog
8997,dog
8998,dog
8999,dog
9000,dog
9001,dog
9002,cat
9003,dog
9004,cat
9005,dog
9006,cat
9007,dog
9008,cat
9009,dog
9010,cat
9011,dog
9012,dog
9013,dog
9014,dog
9015,dog
9016,cat
9017,dog
9018,cat
9019,cat
9020,cat
9021,dog
9022,dog
9023,dog
9024,cat
9025,cat
9026,dog
9027,dog
9028,cat
9029,dog
9030,dog
9031,cat
9032,cat
9033,cat
9034,cat
9035,cat
9036,dog
9037,dog
9038,cat
9039,dog
9040,dog
9041,cat
9042,cat
9043,dog
9044,dog
9045,cat
9046,dog
9047,cat
9048,dog
9049,dog
9050,cat
9051,dog
9052,cat
9053,cat
9054,cat
9055,cat
9056,dog
9057,cat
9058,dog
9059,dog
9060,cat
9061,cat
9062,dog
9063,dog
9064,dog
9065,dog
9066,cat
9067,cat
9068,dog
9069,dog
9070,cat
9071,cat
9072,cat
9073,dog
9074,dog
9075,cat
9076,cat
9077,dog
9078,dog
9079,cat
9080,dog
9081,dog
9082,dog
9083,dog
9084,cat
9085,dog
9086,dog
9087,dog
9088,dog
9089,dog
9090,cat
9091,dog
9092,dog
9093,dog
9094,cat
9095,cat
9096,dog
9097,dog
9098,cat
9099,dog
9100,dog
9101,cat
9102,dog
9103,dog
9104,cat
9105,cat
9106,dog
9107,cat
9108,cat
9109,cat
9110,dog
9111,cat
9112,cat
9113,dog
9114,cat
9115,dog
9116,cat
9117,dog
9118,dog
9119,dog
9120,dog
9121,cat
9122,cat
9123,dog
9124,cat
9125,cat
9126,dog
9127,dog
9128,dog
9129,cat
9130,cat
9131,dog
9132,dog
9133,cat
9134,cat
9135,dog
9136,dog
9137,dog
9138,dog
9139,dog
9140,dog
9141,dog
9142,cat
9143,dog
9144,dog
9145,dog
9146,cat
9147,cat
9148,dog
9149,cat
9150,cat
9151,dog
9152,dog
9153,cat
9154,cat
9155,cat
9156,cat
9157,cat
9158,dog
9159,dog
9160,dog
9161,cat
9162,cat
9163,dog
9164,dog
9165,dog
9166,dog
9167,dog
9168,cat
9169,cat
9170,cat
9171,dog
9172,cat
9173,cat
9174,dog
9175,cat
9176,cat
9177,dog
9178,cat
9179,cat
9180,dog
9181,cat
9182,dog
9183,cat
9184,dog
9185,dog
9186,dog
9187,dog
9188,cat
9189,cat
9190,cat
9191,cat
9192,cat
9193,cat
9194,cat
9195,cat
9196,dog
9197,dog
9198,cat
9199,cat
9200,cat
9201,dog
9202,dog
9203,cat
9204,cat
9205,dog
9206,dog
9207,dog
9208,cat
9209,dog
9210,dog
9211,dog
9212,dog
9213,dog
9214,cat
9215,dog
9216,cat
9217,dog
9218,dog
9219,cat
9220,dog
9221,cat
9222,cat
9223,cat
9224,cat
9225,cat
9226,dog
9227,dog
9228,cat
9229,cat
9230,dog
9231,dog
9232,dog
9233,dog
9234,dog
9235,cat
9236,dog
9237,dog
9238,cat
9239,dog
9240,dog
9241,cat
9242,dog
9243,dog
9244,dog
9245,cat
9246,dog
9247,dog
9248,dog
9249,cat
9250,dog
9251,dog
9252,dog
9253,cat
9254,cat
9255,dog
9256,cat
9257,dog
9258,dog
9259,dog
9260,dog
9261,cat
9262,cat
9263,dog
9264,dog
9265,cat
9266,dog
9267,dog
9268,cat
9269,cat
9270,cat
9271,dog
9272,cat
9273,cat
9274,dog
9275,dog
9276,cat
9277,dog
9278,dog
9279,cat
9280,dog
9281,cat
9282,dog
9283,cat
9284,dog
9285,dog
9286,cat
9287,dog
9288,dog
9289,cat
9290,cat
9291,dog
9292,dog
9293,dog
9294,dog
9295,dog
9296,dog
9297,dog
9298,dog
9299,dog
9300,dog
9301,dog
9302,dog
9303,cat
9304,dog
9305,dog
9306,dog
9307,cat
9308,dog
9309,dog
9310,dog
9311,cat
9312,cat
9313,cat
9314,cat
9315,dog
9316,cat
9317,dog
9318,cat
9319,cat
9320,dog
9321,dog
9322,dog
9323,cat
9324,dog
9325,cat
9326,cat
9327,dog
9328,cat
9329,cat
9330,dog
9331,cat
9332,dog
9333,dog
9334,cat
9335,cat
9336,cat
9337,cat
9338,cat
9339,dog
9340,dog
9341,dog
9342,cat
9343,cat
9344,cat
9345,cat
9346,cat
9347,dog
9348,cat
9349,dog
9350,cat
9351,cat
9352,cat
9353,dog
9354,dog
9355,dog
9356,dog
9357,dog
9358,dog
9359,cat
9360,cat
9361,dog
9362,dog
9363,dog
9364,dog
9365,cat
9366,cat
9367,cat
9368,dog
9369,dog
9370,cat
9371,dog
9372,dog
9373,cat
9374,cat
9375,cat
9376,cat
9377,dog
9378,dog
9379,dog
9380,dog
9381,cat
9382,cat
9383,cat
9384,dog
9385,dog
9386,cat
9387,dog
9388,cat
9389,dog
9390,dog
9391,dog
9392,dog
9393,dog
9394,dog
9395,dog
9396,dog
9397,cat
9398,cat
9399,dog
9400,cat
9401,cat
9402,cat
9403,cat
9404,cat
9405,cat
9406,cat
9407,dog
9408,cat
9409,cat
9410,dog
9411,dog
9412,dog
9413,cat
9414,cat
9415,cat
9416,cat
9417,cat
9418,dog
9419,cat
9420,cat
9421,cat
9422,dog
9423,dog
9424,cat
9425,cat
9426,dog
9427,dog
9428,dog
9429,cat
9430,dog
9431,cat
9432,dog
9433,dog
9434,cat
9435,dog
9436,cat
9437,dog
9438,cat
9439,dog
9440,cat
9441,dog
9442,cat
9443,cat
9444,dog
9445,cat
9446,dog
9447,cat
9448,cat
9449,dog
9450,cat
9451,dog
9452,dog
9453,cat
9454,dog
9455,dog
9456,cat
9457,cat
9458,dog
9459,cat
9460,cat
9461,dog
9462,cat
9463,dog
9464,cat
9465,dog
9466,cat
9467,dog
9468,dog
9469,cat
9470,dog
9471,cat
9472,cat
9473,dog
9474,dog
9475,cat
9476,cat
9477,cat
9478,cat
9479,cat
9480,dog
9481,dog
9482,dog
9483,cat
9484,dog
9485,dog
9486,dog
9487,dog
9488,dog
9489,cat
9490,dog
9491,cat
9492,dog
9493,dog
9494,cat
9495,cat
9496,dog
9497,cat
9498,cat
9499,cat
9500,cat
9501,dog
9502,cat
9503,cat
9504,dog
9505,cat
9506,cat
9507,dog
9508,dog
9509,dog
9510,dog
9511,cat
9512,dog
9513,cat
9514,cat
9515,cat
9516,dog
9517,cat
9518,cat
9519,dog
9520,dog
9521,dog
9522,dog
9523,dog
9524,cat
9525,dog
9526,dog
9527,cat
9528,dog
9529,cat
9530,dog
9531,dog
9532,dog
9533,cat
9534,cat
9535,cat
9536,dog
9537,cat
9538,cat
9539,cat
9540,cat
9541,dog
9542,dog
9543,dog
9544,dog
9545,cat
9546,dog
9547,cat
9548,cat
9549,dog
9550,cat
9551,cat
9552,dog
9553,dog
9554,cat
9555,cat
9556,dog
9557,cat
9558,cat
9559,dog
9560,cat
9561,dog
9562,dog
9563,cat
9564,dog
9565,dog
9566,dog
9567,cat
9568,cat
9569,cat
9570,cat
9571,dog
9572,cat
9573,cat
9574,dog
9575,dog
9576,dog
9577,cat
9578,dog
9579,dog
9580,cat
9581,dog
9582,dog
9583,cat
9584,dog
9585,dog
9586,cat
9587,dog
9588,cat
9589,dog
9590,dog
9591,cat
9592,cat
9593,cat
9594,cat
9595,cat
9596,cat
9597,dog
9598,dog
9599,cat
9600,cat
9601,dog
9602,cat
9603,cat
9604,cat
9605,dog
9606,cat
9607,cat
9608,cat
9609,dog
9610,cat
9611,dog
9612,cat
9613,cat
9614,cat
9615,dog
9616,cat
9617,dog
9618,cat
9619,cat
9620,cat
9621,cat
9622,dog
9623,cat
9624,cat
9625,dog
9626,cat
9627,dog
9628,dog
9629,cat
9630,cat
9631,cat
9632,cat
9633,cat
9634,dog
9635,dog
9636,dog
9637,dog
9638,dog
9639,cat
9640,dog
9641,dog
9642,dog
9643,dog
9644,dog
9645,cat
9646,cat
9647,dog
9648,dog
9649,cat
9650,dog
9651,cat
9652,dog
9653,cat
9654,cat
9655,dog
9656,dog
9657,dog
9658,cat
9659,cat
9660,dog
9661,cat
9662,cat
9663,cat
9664,cat
9665,dog
9666,dog
9667,cat
9668,dog
9669,cat
9670,cat
9671,cat
9672,cat
9673,cat
9674,dog
9675,cat
9676,cat
9677,dog
9678,dog
9679,cat
9680,cat
9681,cat
9682,dog
9683,dog
9684,dog
9685,dog
9686,cat
9687,dog
9688,cat
9689,cat
9690,cat
9691,dog
9692,cat
9693,dog
9694,cat
9695,cat
9696,cat
9697,dog
9698,dog
9699,dog
9700,cat
9701,dog
9702,dog
9703,cat
9704,cat
9705,cat
9706,dog
9707,dog
9708,cat
9709,cat
9710,cat
9711,cat
9712,cat
9713,cat
9714,cat
9715,dog
9716,cat
9717,dog
9718,cat
9719,dog
9720,dog
9721,cat
9722,cat
9723,cat
9724,cat
9725,cat
9726,dog
9727,cat
9728,dog
9729,cat
9730,dog
9731,cat
9732,dog
9733,dog
9734,cat
9735,dog
9736,dog
9737,cat
9738,dog
9739,dog
9740,dog
9741,dog
9742,cat
9743,dog
9744,cat
9745,cat
9746,dog
9747,dog
9748,dog
9749,cat
9750,dog
9751,dog
9752,cat
9753,cat
9754,dog
9755,cat
9756,dog
9757,cat
9758,cat
9759,dog
9760,cat
9761,cat
9762,cat
9763,cat
9764,dog
9765,cat
9766,cat
9767,cat
9768,dog
9769,cat
9770,dog
9771,dog
9772,cat
9773,cat
9774,dog
9775,cat
9776,dog
9777,cat
9778,dog
9779,dog
9780,cat
9781,dog
9782,cat
9783,dog
9784,cat
9785,cat
9786,cat
9787,dog
9788,cat
9789,dog
9790,cat
9791,dog
9792,cat
9793,dog
9794,dog
9795,dog
9796,cat
9797,dog
9798,cat
9799,cat
9800,dog
9801,cat
9802,cat
9803,cat
9804,cat
9805,cat
9806,cat
9807,cat
9808,dog
9809,cat
9810,dog
9811,cat
9812,cat
9813,cat
9814,cat
9815,cat
9816,cat
9817,dog
9818,dog
9819,dog
9820,dog
9821,dog
9822,dog
9823,dog
9824,cat
9825,cat
9826,dog
9827,dog
9828,dog
9829,dog
9830,cat
9831,dog
9832,cat
9833,dog
9834,dog
9835,dog
9836,dog
9837,cat
9838,cat
9839,dog
9840,cat
9841,cat
9842,cat
9843,cat
9844,dog
9845,dog
9846,cat
9847,dog
9848,dog
9849,dog
9850,dog
9851,dog
9852,dog
9853,dog
9854,dog
9855,dog
9856,cat
9857,dog
9858,dog
9859,cat
9860,cat
9861,cat
9862,dog
9863,cat
9864,dog
9865,dog
9866,cat
9867,dog
9868,cat
9869,dog
9870,dog
9871,cat
9872,dog
9873,cat
9874,cat
9875,dog
9876,dog
9877,dog
9878,dog
9879,dog
9880,dog
9881,cat
9882,cat
9883,cat
9884,cat
9885,cat
9886,dog
9887,dog
9888,cat
9889,dog
9890,dog
9891,cat
9892,dog
9893,cat
9894,cat
9895,dog
9896,cat
9897,cat
9898,dog
9899,cat
9900,cat
9901,cat
9902,cat
9903,cat
9904,cat
9905,cat
9906,dog
9907,dog
9908,cat
9909,cat
9910,cat
9911,cat
9912,cat
9913,cat
9914,dog
9915,cat
9916,dog
9917,dog
9918,dog
9919,dog
9920,dog
9921,cat
9922,dog
9923,dog
9924,dog
9925,cat
9926,cat
9927,dog
9928,dog
9929,cat
9930,cat
9931,cat
9932,cat
9933,dog
9934,cat
9935,dog
9936,dog
9937,dog
9938,dog
9939,dog
9940,cat
9941,cat
9942,cat
9943,dog
9944,cat
9945,dog
9946,dog
9947,cat
9948,cat
9949,dog
9950,dog
9951,cat
9952,cat
9953,dog
9954,dog
9955,dog
9956,dog
9957,dog
9958,dog
9959,dog
9960,dog
9961,cat
9962,cat
9963,cat
9964,cat
9965,cat
9966,dog
9967,cat
9968,cat
9969,dog
9970,cat
9971,dog
9972,dog
9973,dog
9974,cat
9975,dog
9976,dog
9977,cat
9978,dog
9979,cat
9980,cat
9981,dog
9982,cat
9983,cat
9984,cat
9985,cat
9986,cat
9987,cat
9988,dog
9989,cat
9990,dog
9991,dog
9992,cat
9993,dog
9994,dog
9995,cat
9996,cat
9997,dog
9998,cat
9999,dog
10000,dog
